"Country Name","Country Code","Indicator Name","Indicator Code","1960","1961","1962","1963","1964","1965","1966","1967","1968","1969","1970","1971","1972","1973","1974","1975","1976","1977","1978","1979","1980","1981","1982","1983","1984","1985","1986","1987","1988","1989","1990","1991","1992","1993","1994","1995","1996","1997","1998","1999","2000","2001","2002","2003","2004","2005","2006","2007","2008","2009","2010","2011","2012","2013","2014","2015","2016","2017","2018","2019","2020","2021","2022","2023",
"Aruba","ABW","Mortality rate attributed to household and ambient air pollution, age-standardized, male (per 100,000 male population)","SH.STA.AIRP.MA.P5","","","","","","","","","","","","","","","","","","","","","","","","","","","","","","","","","","","","","","","","","","","","","","","","","","","","","","","","","","","","","","","","",
"Africa Eastern and Southern","AFE","Mortality rate attributed to household and ambient air pollution, age-standardized, male (per 100,000 male population)","SH.STA.AIRP.MA.P5","","","","","","","","","","","","","","","","","","","","","","","","","","","","","","","","","","","","","","","","","","","","","","","","","","","","","","","","","","","","185.149622339351","","","","",
"Afghanistan","AFG","Mortality rate attributed to household and ambient air pollution, age-standardized, male (per 100,000 male population)","SH.STA.AIRP.MA.P5","","","","","","","","","","","","","","","","","","","","","","","","","","","","","","","","","","","","","","","","","","","","","","","","","","","","","","","","","","","","265.2","","","","",
"Africa Western and Central","AFW","Mortality rate attributed to household and ambient air pollution, age-standardized, male (per 100,000 male population)","SH.STA.AIRP.MA.P5","","","","","","","","","","","","","","","","","","","","","","","","","","","","","","","","","","","","","","","","","","","","","","","","","","","","","","","","","","","","197.93996773035","","","","",
"Angola","AGO","Mortality rate attributed to household and ambient air pollution, age-standardized, male (per 100,000 male population)","SH.STA.AIRP.MA.P5","","","","","","","","","","","","","","","","","","","","","","","","","","","","","","","","","","","","","","","","","","","","","","","","","","","","","","","","","","","","168","","","","",
"Albania","ALB","Mortality rate attributed to household and ambient air pollution, age-standardized, male (per 100,000 male population)","SH.STA.AIRP.MA.P5","","","","","","","","","","","","","","","","","","","","","","","","","","","","","","","","","","","","","","","","","","","","","","","","","","","","","","","","","","","","89.3","","","","",
"Andorra","AND","Mortality rate attributed to household and ambient air pollution, age-standardized, male (per 100,000 male population)","SH.STA.AIRP.MA.P5","","","","","","","","","","","","","","","","","","","","","","","","","","","","","","","","","","","","","","","","","","","","","","","","","","","","","","","","","","","","","","","","",
"Arab World","ARB","Mortality rate attributed to household and ambient air pollution, age-standardized, male (per 100,000 male population)","SH.STA.AIRP.MA.P5","","","","","","","","","","","","","","","","","","","","","","","","","","","","","","","","","","","","","","","","","","","","","","","","","","","","","","","","","","","","116.00146961128","","","","",
"United Arab Emirates","ARE","Mortality rate attributed to household and ambient air pollution, age-standardized, male (per 100,000 male population)","SH.STA.AIRP.MA.P5","","","","","","","","","","","","","","","","","","","","","","","","","","","","","","","","","","","","","","","","","","","","","","","","","","","","","","","","","","","","78.8","","","","",
"Argentina","ARG","Mortality rate attributed to household and ambient air pollution, age-standardized, male (per 100,000 male population)","SH.STA.AIRP.MA.P5","","","","","","","","","","","","","","","","","","","","","","","","","","","","","","","","","","","","","","","","","","","","","","","","","","","","","","","","","","","","38.7","","","","",
"Armenia","ARM","Mortality rate attributed to household and ambient air pollution, age-standardized, male (per 100,000 male population)","SH.STA.AIRP.MA.P5","","","","","","","","","","","","","","","","","","","","","","","","","","","","","","","","","","","","","","","","","","","","","","","","","","","","","","","","","","","","98.3","","","","",
"American Samoa","ASM","Mortality rate attributed to household and ambient air pollution, age-standardized, male (per 100,000 male population)","SH.STA.AIRP.MA.P5","","","","","","","","","","","","","","","","","","","","","","","","","","","","","","","","","","","","","","","","","","","","","","","","","","","","","","","","","","","","","","","","",
"Antigua and Barbuda","ATG","Mortality rate attributed to household and ambient air pollution, age-standardized, male (per 100,000 male population)","SH.STA.AIRP.MA.P5","","","","","","","","","","","","","","","","","","","","","","","","","","","","","","","","","","","","","","","","","","","","","","","","","","","","","","","","","","","","21.2","","","","",
"Australia","AUS","Mortality rate attributed to household and ambient air pollution, age-standardized, male (per 100,000 male population)","SH.STA.AIRP.MA.P5","","","","","","","","","","","","","","","","","","","","","","","","","","","","","","","","","","","","","","","","","","","","","","","","","","","","","","","","","","","","11.9","","","","",
"Austria","AUT","Mortality rate attributed to household and ambient air pollution, age-standardized, male (per 100,000 male population)","SH.STA.AIRP.MA.P5","","","","","","","","","","","","","","","","","","","","","","","","","","","","","","","","","","","","","","","","","","","","","","","","","","","","","","","","","","","","21.9","","","","",
"Azerbaijan","AZE","Mortality rate attributed to household and ambient air pollution, age-standardized, male (per 100,000 male population)","SH.STA.AIRP.MA.P5","","","","","","","","","","","","","","","","","","","","","","","","","","","","","","","","","","","","","","","","","","","","","","","","","","","","","","","","","","","","148","","","","",
"Burundi","BDI","Mortality rate attributed to household and ambient air pollution, age-standardized, male (per 100,000 male population)","SH.STA.AIRP.MA.P5","","","","","","","","","","","","","","","","","","","","","","","","","","","","","","","","","","","","","","","","","","","","","","","","","","","","","","","","","","","","235.8","","","","",
"Belgium","BEL","Mortality rate attributed to household and ambient air pollution, age-standardized, male (per 100,000 male population)","SH.STA.AIRP.MA.P5","","","","","","","","","","","","","","","","","","","","","","","","","","","","","","","","","","","","","","","","","","","","","","","","","","","","","","","","","","","","19.4","","","","",
"Benin","BEN","Mortality rate attributed to household and ambient air pollution, age-standardized, male (per 100,000 male population)","SH.STA.AIRP.MA.P5","","","","","","","","","","","","","","","","","","","","","","","","","","","","","","","","","","","","","","","","","","","","","","","","","","","","","","","","","","","","227.5","","","","",
"Burkina Faso","BFA","Mortality rate attributed to household and ambient air pollution, age-standardized, male (per 100,000 male population)","SH.STA.AIRP.MA.P5","","","","","","","","","","","","","","","","","","","","","","","","","","","","","","","","","","","","","","","","","","","","","","","","","","","","","","","","","","","","248.6","","","","",
"Bangladesh","BGD","Mortality rate attributed to household and ambient air pollution, age-standardized, male (per 100,000 male population)","SH.STA.AIRP.MA.P5","","","","","","","","","","","","","","","","","","","","","","","","","","","","","","","","","","","","","","","","","","","","","","","","","","","","","","","","","","","","156.9","","","","",
"Bulgaria","BGR","Mortality rate attributed to household and ambient air pollution, age-standardized, male (per 100,000 male population)","SH.STA.AIRP.MA.P5","","","","","","","","","","","","","","","","","","","","","","","","","","","","","","","","","","","","","","","","","","","","","","","","","","","","","","","","","","","","81.3","","","","",
"Bahrain","BHR","Mortality rate attributed to household and ambient air pollution, age-standardized, male (per 100,000 male population)","SH.STA.AIRP.MA.P5","","","","","","","","","","","","","","","","","","","","","","","","","","","","","","","","","","","","","","","","","","","","","","","","","","","","","","","","","","","","74","","","","",
"Bahamas, The","BHS","Mortality rate attributed to household and ambient air pollution, age-standardized, male (per 100,000 male population)","SH.STA.AIRP.MA.P5","","","","","","","","","","","","","","","","","","","","","","","","","","","","","","","","","","","","","","","","","","","","","","","","","","","","","","","","","","","","13.4","","","","",
"Bosnia and Herzegovina","BIH","Mortality rate attributed to household and ambient air pollution, age-standardized, male (per 100,000 male population)","SH.STA.AIRP.MA.P5","","","","","","","","","","","","","","","","","","","","","","","","","","","","","","","","","","","","","","","","","","","","","","","","","","","","","","","","","","","","135.9","","","","",
"Belarus","BLR","Mortality rate attributed to household and ambient air pollution, age-standardized, male (per 100,000 male population)","SH.STA.AIRP.MA.P5","","","","","","","","","","","","","","","","","","","","","","","","","","","","","","","","","","","","","","","","","","","","","","","","","","","","","","","","","","","","104.3","","","","",
"Belize","BLZ","Mortality rate attributed to household and ambient air pollution, age-standardized, male (per 100,000 male population)","SH.STA.AIRP.MA.P5","","","","","","","","","","","","","","","","","","","","","","","","","","","","","","","","","","","","","","","","","","","","","","","","","","","","","","","","","","","","48","","","","",
"Bermuda","BMU","Mortality rate attributed to household and ambient air pollution, age-standardized, male (per 100,000 male population)","SH.STA.AIRP.MA.P5","","","","","","","","","","","","","","","","","","","","","","","","","","","","","","","","","","","","","","","","","","","","","","","","","","","","","","","","","","","","","","","","",
"Bolivia","BOL","Mortality rate attributed to household and ambient air pollution, age-standardized, male (per 100,000 male population)","SH.STA.AIRP.MA.P5","","","","","","","","","","","","","","","","","","","","","","","","","","","","","","","","","","","","","","","","","","","","","","","","","","","","","","","","","","","","80.2","","","","",
"Brazil","BRA","Mortality rate attributed to household and ambient air pollution, age-standardized, male (per 100,000 male population)","SH.STA.AIRP.MA.P5","","","","","","","","","","","","","","","","","","","","","","","","","","","","","","","","","","","","","","","","","","","","","","","","","","","","","","","","","","","","35.8","","","","",
"Barbados","BRB","Mortality rate attributed to household and ambient air pollution, age-standardized, male (per 100,000 male population)","SH.STA.AIRP.MA.P5","","","","","","","","","","","","","","","","","","","","","","","","","","","","","","","","","","","","","","","","","","","","","","","","","","","","","","","","","","","","21.2","","","","",
"Brunei Darussalam","BRN","Mortality rate attributed to household and ambient air pollution, age-standardized, male (per 100,000 male population)","SH.STA.AIRP.MA.P5","","","","","","","","","","","","","","","","","","","","","","","","","","","","","","","","","","","","","","","","","","","","","","","","","","","","","","","","","","","","23.3","","","","",
"Bhutan","BTN","Mortality rate attributed to household and ambient air pollution, age-standardized, male (per 100,000 male population)","SH.STA.AIRP.MA.P5","","","","","","","","","","","","","","","","","","","","","","","","","","","","","","","","","","","","","","","","","","","","","","","","","","","","","","","","","","","","97.7","","","","",
"Botswana","BWA","Mortality rate attributed to household and ambient air pollution, age-standardized, male (per 100,000 male population)","SH.STA.AIRP.MA.P5","","","","","","","","","","","","","","","","","","","","","","","","","","","","","","","","","","","","","","","","","","","","","","","","","","","","","","","","","","","","176.2","","","","",
"Central African Republic","CAF","Mortality rate attributed to household and ambient air pollution, age-standardized, male (per 100,000 male population)","SH.STA.AIRP.MA.P5","","","","","","","","","","","","","","","","","","","","","","","","","","","","","","","","","","","","","","","","","","","","","","","","","","","","","","","","","","","","364.9","","","","",
"Canada","CAN","Mortality rate attributed to household and ambient air pollution, age-standardized, male (per 100,000 male population)","SH.STA.AIRP.MA.P5","","","","","","","","","","","","","","","","","","","","","","","","","","","","","","","","","","","","","","","","","","","","","","","","","","","","","","","","","","","","10.1","","","","",
"Central Europe and the Baltics","CEB","Mortality rate attributed to household and ambient air pollution, age-standardized, male (per 100,000 male population)","SH.STA.AIRP.MA.P5","","","","","","","","","","","","","","","","","","","","","","","","","","","","","","","","","","","","","","","","","","","","","","","","","","","","","","","","","","","","58.7249158735049","","","","",
"Switzerland","CHE","Mortality rate attributed to household and ambient air pollution, age-standardized, male (per 100,000 male population)","SH.STA.AIRP.MA.P5","","","","","","","","","","","","","","","","","","","","","","","","","","","","","","","","","","","","","","","","","","","","","","","","","","","","","","","","","","","","12.8","","","","",
"Channel Islands","CHI","Mortality rate attributed to household and ambient air pollution, age-standardized, male (per 100,000 male population)","SH.STA.AIRP.MA.P5","","","","","","","","","","","","","","","","","","","","","","","","","","","","","","","","","","","","","","","","","","","","","","","","","","","","","","","","","","","","","","","","",
"Chile","CHL","Mortality rate attributed to household and ambient air pollution, age-standardized, male (per 100,000 male population)","SH.STA.AIRP.MA.P5","","","","","","","","","","","","","","","","","","","","","","","","","","","","","","","","","","","","","","","","","","","","","","","","","","","","","","","","","","","","23.1","","","","",
"China","CHN","Mortality rate attributed to household and ambient air pollution, age-standardized, male (per 100,000 male population)","SH.STA.AIRP.MA.P5","","","","","","","","","","","","","","","","","","","","","","","","","","","","","","","","","","","","","","","","","","","","","","","","","","","","","","","","","","","","121.5","","","","",
"Cote d'Ivoire","CIV","Mortality rate attributed to household and ambient air pollution, age-standardized, male (per 100,000 male population)","SH.STA.AIRP.MA.P5","","","","","","","","","","","","","","","","","","","","","","","","","","","","","","","","","","","","","","","","","","","","","","","","","","","","","","","","","","","","222.1","","","","",
"Cameroon","CMR","Mortality rate attributed to household and ambient air pollution, age-standardized, male (per 100,000 male population)","SH.STA.AIRP.MA.P5","","","","","","","","","","","","","","","","","","","","","","","","","","","","","","","","","","","","","","","","","","","","","","","","","","","","","","","","","","","","240.8","","","","",
"Congo, Dem. Rep.","COD","Mortality rate attributed to household and ambient air pollution, age-standardized, male (per 100,000 male population)","SH.STA.AIRP.MA.P5","","","","","","","","","","","","","","","","","","","","","","","","","","","","","","","","","","","","","","","","","","","","","","","","","","","","","","","","","","","","233.1","","","","",
"Congo, Rep.","COG","Mortality rate attributed to household and ambient air pollution, age-standardized, male (per 100,000 male population)","SH.STA.AIRP.MA.P5","","","","","","","","","","","","","","","","","","","","","","","","","","","","","","","","","","","","","","","","","","","","","","","","","","","","","","","","","","","","169.1","","","","",
"Colombia","COL","Mortality rate attributed to household and ambient air pollution, age-standardized, male (per 100,000 male population)","SH.STA.AIRP.MA.P5","","","","","","","","","","","","","","","","","","","","","","","","","","","","","","","","","","","","","","","","","","","","","","","","","","","","","","","","","","","","36.2","","","","",
"Comoros","COM","Mortality rate attributed to household and ambient air pollution, age-standardized, male (per 100,000 male population)","SH.STA.AIRP.MA.P5","","","","","","","","","","","","","","","","","","","","","","","","","","","","","","","","","","","","","","","","","","","","","","","","","","","","","","","","","","","","174.8","","","","",
"Cabo Verde","CPV","Mortality rate attributed to household and ambient air pollution, age-standardized, male (per 100,000 male population)","SH.STA.AIRP.MA.P5","","","","","","","","","","","","","","","","","","","","","","","","","","","","","","","","","","","","","","","","","","","","","","","","","","","","","","","","","","","","124.9","","","","",
"Costa Rica","CRI","Mortality rate attributed to household and ambient air pollution, age-standardized, male (per 100,000 male population)","SH.STA.AIRP.MA.P5","","","","","","","","","","","","","","","","","","","","","","","","","","","","","","","","","","","","","","","","","","","","","","","","","","","","","","","","","","","","22.1","","","","",
"Caribbean small states","CSS","Mortality rate attributed to household and ambient air pollution, age-standardized, male (per 100,000 male population)","SH.STA.AIRP.MA.P5","","","","","","","","","","","","","","","","","","","","","","","","","","","","","","","","","","","","","","","","","","","","","","","","","","","","","","","","","","","","59.1937163167951","","","","",
"Cuba","CUB","Mortality rate attributed to household and ambient air pollution, age-standardized, male (per 100,000 male population)","SH.STA.AIRP.MA.P5","","","","","","","","","","","","","","","","","","","","","","","","","","","","","","","","","","","","","","","","","","","","","","","","","","","","","","","","","","","","49.5","","","","",
"Curacao","CUW","Mortality rate attributed to household and ambient air pollution, age-standardized, male (per 100,000 male population)","SH.STA.AIRP.MA.P5","","","","","","","","","","","","","","","","","","","","","","","","","","","","","","","","","","","","","","","","","","","","","","","","","","","","","","","","","","","","","","","","",
"Cayman Islands","CYM","Mortality rate attributed to household and ambient air pollution, age-standardized, male (per 100,000 male population)","SH.STA.AIRP.MA.P5","","","","","","","","","","","","","","","","","","","","","","","","","","","","","","","","","","","","","","","","","","","","","","","","","","","","","","","","","","","","","","","","",
"Cyprus","CYP","Mortality rate attributed to household and ambient air pollution, age-standardized, male (per 100,000 male population)","SH.STA.AIRP.MA.P5","","","","","","","","","","","","","","","","","","","","","","","","","","","","","","","","","","","","","","","","","","","","","","","","","","","","","","","","","","","","21.7","","","","",
"Czechia","CZE","Mortality rate attributed to household and ambient air pollution, age-standardized, male (per 100,000 male population)","SH.STA.AIRP.MA.P5","","","","","","","","","","","","","","","","","","","","","","","","","","","","","","","","","","","","","","","","","","","","","","","","","","","","","","","","","","","","41.5","","","","",
"Germany","DEU","Mortality rate attributed to household and ambient air pollution, age-standardized, male (per 100,000 male population)","SH.STA.AIRP.MA.P5","","","","","","","","","","","","","","","","","","","","","","","","","","","","","","","","","","","","","","","","","","","","","","","","","","","","","","","","","","","","21.1","","","","",
"Djibouti","DJI","Mortality rate attributed to household and ambient air pollution, age-standardized, male (per 100,000 male population)","SH.STA.AIRP.MA.P5","","","","","","","","","","","","","","","","","","","","","","","","","","","","","","","","","","","","","","","","","","","","","","","","","","","","","","","","","","","","199.4","","","","",
"Dominica","DMA","Mortality rate attributed to household and ambient air pollution, age-standardized, male (per 100,000 male population)","SH.STA.AIRP.MA.P5","","","","","","","","","","","","","","","","","","","","","","","","","","","","","","","","","","","","","","","","","","","","","","","","","","","","","","","","","","","","","","","","",
"Denmark","DNK","Mortality rate attributed to household and ambient air pollution, age-standardized, male (per 100,000 male population)","SH.STA.AIRP.MA.P5","","","","","","","","","","","","","","","","","","","","","","","","","","","","","","","","","","","","","","","","","","","","","","","","","","","","","","","","","","","","15.7","","","","",
"Dominican Republic","DOM","Mortality rate attributed to household and ambient air pollution, age-standardized, male (per 100,000 male population)","SH.STA.AIRP.MA.P5","","","","","","","","","","","","","","","","","","","","","","","","","","","","","","","","","","","","","","","","","","","","","","","","","","","","","","","","","","","","47.7","","","","",
"Algeria","DZA","Mortality rate attributed to household and ambient air pollution, age-standardized, male (per 100,000 male population)","SH.STA.AIRP.MA.P5","","","","","","","","","","","","","","","","","","","","","","","","","","","","","","","","","","","","","","","","","","","","","","","","","","","","","","","","","","","","54.7","","","","",
"East Asia & Pacific (excluding high income)","EAP","Mortality rate attributed to household and ambient air pollution, age-standardized, male (per 100,000 male population)","SH.STA.AIRP.MA.P5","","","","","","","","","","","","","","","","","","","","","","","","","","","","","","","","","","","","","","","","","","","","","","","","","","","","","","","","","","","","131.754111080987","","","","",
"Early-demographic dividend","EAR","Mortality rate attributed to household and ambient air pollution, age-standardized, male (per 100,000 male population)","SH.STA.AIRP.MA.P5","","","","","","","","","","","","","","","","","","","","","","","","","","","","","","","","","","","","","","","","","","","","","","","","","","","","","","","","","","","","146.45545071747","","","","",
"East Asia & Pacific","EAS","Mortality rate attributed to household and ambient air pollution, age-standardized, male (per 100,000 male population)","SH.STA.AIRP.MA.P5","","","","","","","","","","","","","","","","","","","","","","","","","","","","","","","","","","","","","","","","","","","","","","","","","","","","","","","","","","","","121.540746339456","","","","",
"Europe & Central Asia (excluding high income)","ECA","Mortality rate attributed to household and ambient air pollution, age-standardized, male (per 100,000 male population)","SH.STA.AIRP.MA.P5","","","","","","","","","","","","","","","","","","","","","","","","","","","","","","","","","","","","","","","","","","","","","","","","","","","","","","","","","","","","107.583842463258","","","","",
"Europe & Central Asia","ECS","Mortality rate attributed to household and ambient air pollution, age-standardized, male (per 100,000 male population)","SH.STA.AIRP.MA.P5","","","","","","","","","","","","","","","","","","","","","","","","","","","","","","","","","","","","","","","","","","","","","","","","","","","","","","","","","","","","57.5861342534875","","","","",
"Ecuador","ECU","Mortality rate attributed to household and ambient air pollution, age-standardized, male (per 100,000 male population)","SH.STA.AIRP.MA.P5","","","","","","","","","","","","","","","","","","","","","","","","","","","","","","","","","","","","","","","","","","","","","","","","","","","","","","","","","","","","32.9","","","","",
"Egypt, Arab Rep.","EGY","Mortality rate attributed to household and ambient air pollution, age-standardized, male (per 100,000 male population)","SH.STA.AIRP.MA.P5","","","","","","","","","","","","","","","","","","","","","","","","","","","","","","","","","","","","","","","","","","","","","","","","","","","","","","","","","","","","125.5","","","","",
"Euro area","EMU","Mortality rate attributed to household and ambient air pollution, age-standardized, male (per 100,000 male population)","SH.STA.AIRP.MA.P5","","","","","","","","","","","","","","","","","","","","","","","","","","","","","","","","","","","","","","","","","","","","","","","","","","","","","","","","","","","","18.7895674770292","","","","",
"Eritrea","ERI","Mortality rate attributed to household and ambient air pollution, age-standardized, male (per 100,000 male population)","SH.STA.AIRP.MA.P5","","","","","","","","","","","","","","","","","","","","","","","","","","","","","","","","","","","","","","","","","","","","","","","","","","","","","","","","","","","","288.5","","","","",
"Spain","ESP","Mortality rate attributed to household and ambient air pollution, age-standardized, male (per 100,000 male population)","SH.STA.AIRP.MA.P5","","","","","","","","","","","","","","","","","","","","","","","","","","","","","","","","","","","","","","","","","","","","","","","","","","","","","","","","","","","","13.9","","","","",
"Estonia","EST","Mortality rate attributed to household and ambient air pollution, age-standardized, male (per 100,000 male population)","SH.STA.AIRP.MA.P5","","","","","","","","","","","","","","","","","","","","","","","","","","","","","","","","","","","","","","","","","","","","","","","","","","","","","","","","","","","","18.9","","","","",
"Ethiopia","ETH","Mortality rate attributed to household and ambient air pollution, age-standardized, male (per 100,000 male population)","SH.STA.AIRP.MA.P5","","","","","","","","","","","","","","","","","","","","","","","","","","","","","","","","","","","","","","","","","","","","","","","","","","","","","","","","","","","","160.1","","","","",
"European Union","EUU","Mortality rate attributed to household and ambient air pollution, age-standardized, male (per 100,000 male population)","SH.STA.AIRP.MA.P5","","","","","","","","","","","","","","","","","","","","","","","","","","","","","","","","","","","","","","","","","","","","","","","","","","","","","","","","","","","","26.7168571485277","","","","",
"Fragile and conflict affected situations","FCS","Mortality rate attributed to household and ambient air pollution, age-standardized, male (per 100,000 male population)","SH.STA.AIRP.MA.P5","","","","","","","","","","","","","","","","","","","","","","","","","","","","","","","","","","","","","","","","","","","","","","","","","","","","","","","","","","","","186.680672109134","","","","",
"Finland","FIN","Mortality rate attributed to household and ambient air pollution, age-standardized, male (per 100,000 male population)","SH.STA.AIRP.MA.P5","","","","","","","","","","","","","","","","","","","","","","","","","","","","","","","","","","","","","","","","","","","","","","","","","","","","","","","","","","","","10.4","","","","",
"Fiji","FJI","Mortality rate attributed to household and ambient air pollution, age-standardized, male (per 100,000 male population)","SH.STA.AIRP.MA.P5","","","","","","","","","","","","","","","","","","","","","","","","","","","","","","","","","","","","","","","","","","","","","","","","","","","","","","","","","","","","153.3","","","","",
"France","FRA","Mortality rate attributed to household and ambient air pollution, age-standardized, male (per 100,000 male population)","SH.STA.AIRP.MA.P5","","","","","","","","","","","","","","","","","","","","","","","","","","","","","","","","","","","","","","","","","","","","","","","","","","","","","","","","","","","","13.4","","","","",
"Faroe Islands","FRO","Mortality rate attributed to household and ambient air pollution, age-standardized, male (per 100,000 male population)","SH.STA.AIRP.MA.P5","","","","","","","","","","","","","","","","","","","","","","","","","","","","","","","","","","","","","","","","","","","","","","","","","","","","","","","","","","","","","","","","",
"Micronesia, Fed. Sts.","FSM","Mortality rate attributed to household and ambient air pollution, age-standardized, male (per 100,000 male population)","SH.STA.AIRP.MA.P5","","","","","","","","","","","","","","","","","","","","","","","","","","","","","","","","","","","","","","","","","","","","","","","","","","","","","","","","","","","","301.6","","","","",
"Gabon","GAB","Mortality rate attributed to household and ambient air pollution, age-standardized, male (per 100,000 male population)","SH.STA.AIRP.MA.P5","","","","","","","","","","","","","","","","","","","","","","","","","","","","","","","","","","","","","","","","","","","","","","","","","","","","","","","","","","","","97.7","","","","",
"United Kingdom","GBR","Mortality rate attributed to household and ambient air pollution, age-standardized, male (per 100,000 male population)","SH.STA.AIRP.MA.P5","","","","","","","","","","","","","","","","","","","","","","","","","","","","","","","","","","","","","","","","","","","","","","","","","","","","","","","","","","","","16.8","","","","",
"Georgia","GEO","Mortality rate attributed to household and ambient air pollution, age-standardized, male (per 100,000 male population)","SH.STA.AIRP.MA.P5","","","","","","","","","","","","","","","","","","","","","","","","","","","","","","","","","","","","","","","","","","","","","","","","","","","","","","","","","","","","130.1","","","","",
"Ghana","GHA","Mortality rate attributed to household and ambient air pollution, age-standardized, male (per 100,000 male population)","SH.STA.AIRP.MA.P5","","","","","","","","","","","","","","","","","","","","","","","","","","","","","","","","","","","","","","","","","","","","","","","","","","","","","","","","","","","","231.5","","","","",
"Gibraltar","GIB","Mortality rate attributed to household and ambient air pollution, age-standardized, male (per 100,000 male population)","SH.STA.AIRP.MA.P5","","","","","","","","","","","","","","","","","","","","","","","","","","","","","","","","","","","","","","","","","","","","","","","","","","","","","","","","","","","","","","","","",
"Guinea","GIN","Mortality rate attributed to household and ambient air pollution, age-standardized, male (per 100,000 male population)","SH.STA.AIRP.MA.P5","","","","","","","","","","","","","","","","","","","","","","","","","","","","","","","","","","","","","","","","","","","","","","","","","","","","","","","","","","","","263.9","","","","",
"Gambia, The","GMB","Mortality rate attributed to household and ambient air pollution, age-standardized, male (per 100,000 male population)","SH.STA.AIRP.MA.P5","","","","","","","","","","","","","","","","","","","","","","","","","","","","","","","","","","","","","","","","","","","","","","","","","","","","","","","","","","","","240.7","","","","",
"Guinea-Bissau","GNB","Mortality rate attributed to household and ambient air pollution, age-standardized, male (per 100,000 male population)","SH.STA.AIRP.MA.P5","","","","","","","","","","","","","","","","","","","","","","","","","","","","","","","","","","","","","","","","","","","","","","","","","","","","","","","","","","","","276.9","","","","",
"Equatorial Guinea","GNQ","Mortality rate attributed to household and ambient air pollution, age-standardized, male (per 100,000 male population)","SH.STA.AIRP.MA.P5","","","","","","","","","","","","","","","","","","","","","","","","","","","","","","","","","","","","","","","","","","","","","","","","","","","","","","","","","","","","169.6","","","","",
"Greece","GRC","Mortality rate attributed to household and ambient air pollution, age-standardized, male (per 100,000 male population)","SH.STA.AIRP.MA.P5","","","","","","","","","","","","","","","","","","","","","","","","","","","","","","","","","","","","","","","","","","","","","","","","","","","","","","","","","","","","29.5","","","","",
"Grenada","GRD","Mortality rate attributed to household and ambient air pollution, age-standardized, male (per 100,000 male population)","SH.STA.AIRP.MA.P5","","","","","","","","","","","","","","","","","","","","","","","","","","","","","","","","","","","","","","","","","","","","","","","","","","","","","","","","","","","","53.1","","","","",
"Greenland","GRL","Mortality rate attributed to household and ambient air pollution, age-standardized, male (per 100,000 male population)","SH.STA.AIRP.MA.P5","","","","","","","","","","","","","","","","","","","","","","","","","","","","","","","","","","","","","","","","","","","","","","","","","","","","","","","","","","","","","","","","",
"Guatemala","GTM","Mortality rate attributed to household and ambient air pollution, age-standardized, male (per 100,000 male population)","SH.STA.AIRP.MA.P5","","","","","","","","","","","","","","","","","","","","","","","","","","","","","","","","","","","","","","","","","","","","","","","","","","","","","","","","","","","","101.6","","","","",
"Guam","GUM","Mortality rate attributed to household and ambient air pollution, age-standardized, male (per 100,000 male population)","SH.STA.AIRP.MA.P5","","","","","","","","","","","","","","","","","","","","","","","","","","","","","","","","","","","","","","","","","","","","","","","","","","","","","","","","","","","","","","","","",
"Guyana","GUY","Mortality rate attributed to household and ambient air pollution, age-standardized, male (per 100,000 male population)","SH.STA.AIRP.MA.P5","","","","","","","","","","","","","","","","","","","","","","","","","","","","","","","","","","","","","","","","","","","","","","","","","","","","","","","","","","","","109.5","","","","",
"High income","HIC","Mortality rate attributed to household and ambient air pollution, age-standardized, male (per 100,000 male population)","SH.STA.AIRP.MA.P5","","","","","","","","","","","","","","","","","","","","","","","","","","","","","","","","","","","","","","","","","","","","","","","","","","","","","","","","","","","","32.1585656410713","","","","",
"Hong Kong SAR, China","HKG","Mortality rate attributed to household and ambient air pollution, age-standardized, male (per 100,000 male population)","SH.STA.AIRP.MA.P5","","","","","","","","","","","","","","","","","","","","","","","","","","","","","","","","","","","","","","","","","","","","","","","","","","","","","","","","","","","","","","","","",
"Honduras","HND","Mortality rate attributed to household and ambient air pollution, age-standardized, male (per 100,000 male population)","SH.STA.AIRP.MA.P5","","","","","","","","","","","","","","","","","","","","","","","","","","","","","","","","","","","","","","","","","","","","","","","","","","","","","","","","","","","","116.4","","","","",
"Heavily indebted poor countries (HIPC)","HPC","Mortality rate attributed to household and ambient air pollution, age-standardized, male (per 100,000 male population)","SH.STA.AIRP.MA.P5","","","","","","","","","","","","","","","","","","","","","","","","","","","","","","","","","","","","","","","","","","","","","","","","","","","","","","","","","","","","206.403934389207","","","","",
"Croatia","HRV","Mortality rate attributed to household and ambient air pollution, age-standardized, male (per 100,000 male population)","SH.STA.AIRP.MA.P5","","","","","","","","","","","","","","","","","","","","","","","","","","","","","","","","","","","","","","","","","","","","","","","","","","","","","","","","","","","","40.8","","","","",
"Haiti","HTI","Mortality rate attributed to household and ambient air pollution, age-standardized, male (per 100,000 male population)","SH.STA.AIRP.MA.P5","","","","","","","","","","","","","","","","","","","","","","","","","","","","","","","","","","","","","","","","","","","","","","","","","","","","","","","","","","","","199.5","","","","",
"Hungary","HUN","Mortality rate attributed to household and ambient air pollution, age-standardized, male (per 100,000 male population)","SH.STA.AIRP.MA.P5","","","","","","","","","","","","","","","","","","","","","","","","","","","","","","","","","","","","","","","","","","","","","","","","","","","","","","","","","","","","55","","","","",
"IBRD only","IBD","Mortality rate attributed to household and ambient air pollution, age-standardized, male (per 100,000 male population)","SH.STA.AIRP.MA.P5","","","","","","","","","","","","","","","","","","","","","","","","","","","","","","","","","","","","","","","","","","","","","","","","","","","","","","","","","","","","119.794520956622","","","","",
"IDA & IBRD total","IBT","Mortality rate attributed to household and ambient air pollution, age-standardized, male (per 100,000 male population)","SH.STA.AIRP.MA.P5","","","","","","","","","","","","","","","","","","","","","","","","","","","","","","","","","","","","","","","","","","","","","","","","","","","","","","","","","","","","139.7318028981","","","","",
"IDA total","IDA","Mortality rate attributed to household and ambient air pollution, age-standardized, male (per 100,000 male population)","SH.STA.AIRP.MA.P5","","","","","","","","","","","","","","","","","","","","","","","","","","","","","","","","","","","","","","","","","","","","","","","","","","","","","","","","","","","","196.408849616404","","","","",
"IDA blend","IDB","Mortality rate attributed to household and ambient air pollution, age-standardized, male (per 100,000 male population)","SH.STA.AIRP.MA.P5","","","","","","","","","","","","","","","","","","","","","","","","","","","","","","","","","","","","","","","","","","","","","","","","","","","","","","","","","","","","195.086420536233","","","","",
"Indonesia","IDN","Mortality rate attributed to household and ambient air pollution, age-standardized, male (per 100,000 male population)","SH.STA.AIRP.MA.P5","","","","","","","","","","","","","","","","","","","","","","","","","","","","","","","","","","","","","","","","","","","","","","","","","","","","","","","","","","","","111.7","","","","",
"IDA only","IDX","Mortality rate attributed to household and ambient air pollution, age-standardized, male (per 100,000 male population)","SH.STA.AIRP.MA.P5","","","","","","","","","","","","","","","","","","","","","","","","","","","","","","","","","","","","","","","","","","","","","","","","","","","","","","","","","","","","197.075304571273","","","","",
"Isle of Man","IMN","Mortality rate attributed to household and ambient air pollution, age-standardized, male (per 100,000 male population)","SH.STA.AIRP.MA.P5","","","","","","","","","","","","","","","","","","","","","","","","","","","","","","","","","","","","","","","","","","","","","","","","","","","","","","","","","","","","","","","","",
"India","IND","Mortality rate attributed to household and ambient air pollution, age-standardized, male (per 100,000 male population)","SH.STA.AIRP.MA.P5","","","","","","","","","","","","","","","","","","","","","","","","","","","","","","","","","","","","","","","","","","","","","","","","","","","","","","","","","","","","159.7","","","","",
"Not classified","INX","Mortality rate attributed to household and ambient air pollution, age-standardized, male (per 100,000 male population)","SH.STA.AIRP.MA.P5","","","","","","","","","","","","","","","","","","","","","","","","","","","","","","","","","","","","","","","","","","","","","","","","","","","","","","","","","","","","","","","","",
"Ireland","IRL","Mortality rate attributed to household and ambient air pollution, age-standardized, male (per 100,000 male population)","SH.STA.AIRP.MA.P5","","","","","","","","","","","","","","","","","","","","","","","","","","","","","","","","","","","","","","","","","","","","","","","","","","","","","","","","","","","","15.7","","","","",
"Iran, Islamic Rep.","IRN","Mortality rate attributed to household and ambient air pollution, age-standardized, male (per 100,000 male population)","SH.STA.AIRP.MA.P5","","","","","","","","","","","","","","","","","","","","","","","","","","","","","","","","","","","","","","","","","","","","","","","","","","","","","","","","","","","","64.2","","","","",
"Iraq","IRQ","Mortality rate attributed to household and ambient air pollution, age-standardized, male (per 100,000 male population)","SH.STA.AIRP.MA.P5","","","","","","","","","","","","","","","","","","","","","","","","","","","","","","","","","","","","","","","","","","","","","","","","","","","","","","","","","","","","107.2","","","","",
"Iceland","ISL","Mortality rate attributed to household and ambient air pollution, age-standardized, male (per 100,000 male population)","SH.STA.AIRP.MA.P5","","","","","","","","","","","","","","","","","","","","","","","","","","","","","","","","","","","","","","","","","","","","","","","","","","","","","","","","","","","","10","","","","",
"Israel","ISR","Mortality rate attributed to household and ambient air pollution, age-standardized, male (per 100,000 male population)","SH.STA.AIRP.MA.P5","","","","","","","","","","","","","","","","","","","","","","","","","","","","","","","","","","","","","","","","","","","","","","","","","","","","","","","","","","","","19.9","","","","",
"Italy","ITA","Mortality rate attributed to household and ambient air pollution, age-standardized, male (per 100,000 male population)","SH.STA.AIRP.MA.P5","","","","","","","","","","","","","","","","","","","","","","","","","","","","","","","","","","","","","","","","","","","","","","","","","","","","","","","","","","","","19.2","","","","",
"Jamaica","JAM","Mortality rate attributed to household and ambient air pollution, age-standardized, male (per 100,000 male population)","SH.STA.AIRP.MA.P5","","","","","","","","","","","","","","","","","","","","","","","","","","","","","","","","","","","","","","","","","","","","","","","","","","","","","","","","","","","","39.6","","","","",
"Jordan","JOR","Mortality rate attributed to household and ambient air pollution, age-standardized, male (per 100,000 male population)","SH.STA.AIRP.MA.P5","","","","","","","","","","","","","","","","","","","","","","","","","","","","","","","","","","","","","","","","","","","","","","","","","","","","","","","","","","","","42.5","","","","",
"Japan","JPN","Mortality rate attributed to household and ambient air pollution, age-standardized, male (per 100,000 male population)","SH.STA.AIRP.MA.P5","","","","","","","","","","","","","","","","","","","","","","","","","","","","","","","","","","","","","","","","","","","","","","","","","","","","","","","","","","","","15.8","","","","",
"Kazakhstan","KAZ","Mortality rate attributed to household and ambient air pollution, age-standardized, male (per 100,000 male population)","SH.STA.AIRP.MA.P5","","","","","","","","","","","","","","","","","","","","","","","","","","","","","","","","","","","","","","","","","","","","","","","","","","","","","","","","","","","","110.4","","","","",
"Kenya","KEN","Mortality rate attributed to household and ambient air pollution, age-standardized, male (per 100,000 male population)","SH.STA.AIRP.MA.P5","","","","","","","","","","","","","","","","","","","","","","","","","","","","","","","","","","","","","","","","","","","","","","","","","","","","","","","","","","","","154.9","","","","",
"Kyrgyz Republic","KGZ","Mortality rate attributed to household and ambient air pollution, age-standardized, male (per 100,000 male population)","SH.STA.AIRP.MA.P5","","","","","","","","","","","","","","","","","","","","","","","","","","","","","","","","","","","","","","","","","","","","","","","","","","","","","","","","","","","","160.7","","","","",
"Cambodia","KHM","Mortality rate attributed to household and ambient air pollution, age-standardized, male (per 100,000 male population)","SH.STA.AIRP.MA.P5","","","","","","","","","","","","","","","","","","","","","","","","","","","","","","","","","","","","","","","","","","","","","","","","","","","","","","","","","","","","198.1","","","","",
"Kiribati","KIR","Mortality rate attributed to household and ambient air pollution, age-standardized, male (per 100,000 male population)","SH.STA.AIRP.MA.P5","","","","","","","","","","","","","","","","","","","","","","","","","","","","","","","","","","","","","","","","","","","","","","","","","","","","","","","","","","","","319.4","","","","",
"St. Kitts and Nevis","KNA","Mortality rate attributed to household and ambient air pollution, age-standardized, male (per 100,000 male population)","SH.STA.AIRP.MA.P5","","","","","","","","","","","","","","","","","","","","","","","","","","","","","","","","","","","","","","","","","","","","","","","","","","","","","","","","","","","","","","","","",
"Korea, Rep.","KOR","Mortality rate attributed to household and ambient air pollution, age-standardized, male (per 100,000 male population)","SH.STA.AIRP.MA.P5","","","","","","","","","","","","","","","","","","","","","","","","","","","","","","","","","","","","","","","","","","","","","","","","","","","","","","","","","","","","25.8","","","","",
"Kuwait","KWT","Mortality rate attributed to household and ambient air pollution, age-standardized, male (per 100,000 male population)","SH.STA.AIRP.MA.P5","","","","","","","","","","","","","","","","","","","","","","","","","","","","","","","","","","","","","","","","","","","","","","","","","","","","","","","","","","","","59.4","","","","",
"Latin America & Caribbean (excluding high income)","LAC","Mortality rate attributed to household and ambient air pollution, age-standardized, male (per 100,000 male population)","SH.STA.AIRP.MA.P5","","","","","","","","","","","","","","","","","","","","","","","","","","","","","","","","","","","","","","","","","","","","","","","","","","","","","","","","","","","","49.0343376140558","","","","",
"Lao PDR","LAO","Mortality rate attributed to household and ambient air pollution, age-standardized, male (per 100,000 male population)","SH.STA.AIRP.MA.P5","","","","","","","","","","","","","","","","","","","","","","","","","","","","","","","","","","","","","","","","","","","","","","","","","","","","","","","","","","","","226.3","","","","",
"Lebanon","LBN","Mortality rate attributed to household and ambient air pollution, age-standardized, male (per 100,000 male population)","SH.STA.AIRP.MA.P5","","","","","","","","","","","","","","","","","","","","","","","","","","","","","","","","","","","","","","","","","","","","","","","","","","","","","","","","","","","","76.7","","","","",
"Liberia","LBR","Mortality rate attributed to household and ambient air pollution, age-standardized, male (per 100,000 male population)","SH.STA.AIRP.MA.P5","","","","","","","","","","","","","","","","","","","","","","","","","","","","","","","","","","","","","","","","","","","","","","","","","","","","","","","","","","","","146","","","","",
"Libya","LBY","Mortality rate attributed to household and ambient air pollution, age-standardized, male (per 100,000 male population)","SH.STA.AIRP.MA.P5","","","","","","","","","","","","","","","","","","","","","","","","","","","","","","","","","","","","","","","","","","","","","","","","","","","","","","","","","","","","59.2","","","","",
"St. Lucia","LCA","Mortality rate attributed to household and ambient air pollution, age-standardized, male (per 100,000 male population)","SH.STA.AIRP.MA.P5","","","","","","","","","","","","","","","","","","","","","","","","","","","","","","","","","","","","","","","","","","","","","","","","","","","","","","","","","","","","34.5","","","","",
"Latin America & Caribbean","LCN","Mortality rate attributed to household and ambient air pollution, age-standardized, male (per 100,000 male population)","SH.STA.AIRP.MA.P5","","","","","","","","","","","","","","","","","","","","","","","","","","","","","","","","","","","","","","","","","","","","","","","","","","","","","","","","","","","","47.9173244400865","","","","",
"Least developed countries: UN classification","LDC","Mortality rate attributed to household and ambient air pollution, age-standardized, male (per 100,000 male population)","SH.STA.AIRP.MA.P5","","","","","","","","","","","","","","","","","","","","","","","","","","","","","","","","","","","","","","","","","","","","","","","","","","","","","","","","","","","","199.471711541059","","","","",
"Low income","LIC","Mortality rate attributed to household and ambient air pollution, age-standardized, male (per 100,000 male population)","SH.STA.AIRP.MA.P5","","","","","","","","","","","","","","","","","","","","","","","","","","","","","","","","","","","","","","","","","","","","","","","","","","","","","","","","","","","","212.511850905936","","","","",
"Liechtenstein","LIE","Mortality rate attributed to household and ambient air pollution, age-standardized, male (per 100,000 male population)","SH.STA.AIRP.MA.P5","","","","","","","","","","","","","","","","","","","","","","","","","","","","","","","","","","","","","","","","","","","","","","","","","","","","","","","","","","","","","","","","",
"Sri Lanka","LKA","Mortality rate attributed to household and ambient air pollution, age-standardized, male (per 100,000 male population)","SH.STA.AIRP.MA.P5","","","","","","","","","","","","","","","","","","","","","","","","","","","","","","","","","","","","","","","","","","","","","","","","","","","","","","","","","","","","119.2","","","","",
"Lower middle income","LMC","Mortality rate attributed to household and ambient air pollution, age-standardized, male (per 100,000 male population)","SH.STA.AIRP.MA.P5","","","","","","","","","","","","","","","","","","","","","","","","","","","","","","","","","","","","","","","","","","","","","","","","","","","","","","","","","","","","170.105151556242","","","","",
"Low & middle income","LMY","Mortality rate attributed to household and ambient air pollution, age-standardized, male (per 100,000 male population)","SH.STA.AIRP.MA.P5","","","","","","","","","","","","","","","","","","","","","","","","","","","","","","","","","","","","","","","","","","","","","","","","","","","","","","","","","","","","142.778177259898","","","","",
"Lesotho","LSO","Mortality rate attributed to household and ambient air pollution, age-standardized, male (per 100,000 male population)","SH.STA.AIRP.MA.P5","","","","","","","","","","","","","","","","","","","","","","","","","","","","","","","","","","","","","","","","","","","","","","","","","","","","","","","","","","","","351.9","","","","",
"Late-demographic dividend","LTE","Mortality rate attributed to household and ambient air pollution, age-standardized, male (per 100,000 male population)","SH.STA.AIRP.MA.P5","","","","","","","","","","","","","","","","","","","","","","","","","","","","","","","","","","","","","","","","","","","","","","","","","","","","","","","","","","","","105.948251105455","","","","",
"Lithuania","LTU","Mortality rate attributed to household and ambient air pollution, age-standardized, male (per 100,000 male population)","SH.STA.AIRP.MA.P5","","","","","","","","","","","","","","","","","","","","","","","","","","","","","","","","","","","","","","","","","","","","","","","","","","","","","","","","","","","","52.8","","","","",
"Luxembourg","LUX","Mortality rate attributed to household and ambient air pollution, age-standardized, male (per 100,000 male population)","SH.STA.AIRP.MA.P5","","","","","","","","","","","","","","","","","","","","","","","","","","","","","","","","","","","","","","","","","","","","","","","","","","","","","","","","","","","","15.8","","","","",
"Latvia","LVA","Mortality rate attributed to household and ambient air pollution, age-standardized, male (per 100,000 male population)","SH.STA.AIRP.MA.P5","","","","","","","","","","","","","","","","","","","","","","","","","","","","","","","","","","","","","","","","","","","","","","","","","","","","","","","","","","","","56.5","","","","",
"Macao SAR, China","MAC","Mortality rate attributed to household and ambient air pollution, age-standardized, male (per 100,000 male population)","SH.STA.AIRP.MA.P5","","","","","","","","","","","","","","","","","","","","","","","","","","","","","","","","","","","","","","","","","","","","","","","","","","","","","","","","","","","","","","","","",
"St. Martin (French part)","MAF","Mortality rate attributed to household and ambient air pollution, age-standardized, male (per 100,000 male population)","SH.STA.AIRP.MA.P5","","","","","","","","","","","","","","","","","","","","","","","","","","","","","","","","","","","","","","","","","","","","","","","","","","","","","","","","","","","","","","","","",
"Morocco","MAR","Mortality rate attributed to household and ambient air pollution, age-standardized, male (per 100,000 male population)","SH.STA.AIRP.MA.P5","","","","","","","","","","","","","","","","","","","","","","","","","","","","","","","","","","","","","","","","","","","","","","","","","","","","","","","","","","","","73.5","","","","",
"Monaco","MCO","Mortality rate attributed to household and ambient air pollution, age-standardized, male (per 100,000 male population)","SH.STA.AIRP.MA.P5","","","","","","","","","","","","","","","","","","","","","","","","","","","","","","","","","","","","","","","","","","","","","","","","","","","","","","","","","","","","","","","","",
"Moldova","MDA","Mortality rate attributed to household and ambient air pollution, age-standardized, male (per 100,000 male population)","SH.STA.AIRP.MA.P5","","","","","","","","","","","","","","","","","","","","","","","","","","","","","","","","","","","","","","","","","","","","","","","","","","","","","","","","","","","","87.3","","","","",
"Madagascar","MDG","Mortality rate attributed to household and ambient air pollution, age-standardized, male (per 100,000 male population)","SH.STA.AIRP.MA.P5","","","","","","","","","","","","","","","","","","","","","","","","","","","","","","","","","","","","","","","","","","","","","","","","","","","","","","","","","","","","225","","","","",
"Maldives","MDV","Mortality rate attributed to household and ambient air pollution, age-standardized, male (per 100,000 male population)","SH.STA.AIRP.MA.P5","","","","","","","","","","","","","","","","","","","","","","","","","","","","","","","","","","","","","","","","","","","","","","","","","","","","","","","","","","","","37","","","","",
"Middle East & North Africa","MEA","Mortality rate attributed to household and ambient air pollution, age-standardized, male (per 100,000 male population)","SH.STA.AIRP.MA.P5","","","","","","","","","","","","","","","","","","","","","","","","","","","","","","","","","","","","","","","","","","","","","","","","","","","","","","","","","","","","95.3026187954466","","","","",
"Mexico","MEX","Mortality rate attributed to household and ambient air pollution, age-standardized, male (per 100,000 male population)","SH.STA.AIRP.MA.P5","","","","","","","","","","","","","","","","","","","","","","","","","","","","","","","","","","","","","","","","","","","","","","","","","","","","","","","","","","","","53.6","","","","",
"Marshall Islands","MHL","Mortality rate attributed to household and ambient air pollution, age-standardized, male (per 100,000 male population)","SH.STA.AIRP.MA.P5","","","","","","","","","","","","","","","","","","","","","","","","","","","","","","","","","","","","","","","","","","","","","","","","","","","","","","","","","","","","","","","","",
"Middle income","MIC","Mortality rate attributed to household and ambient air pollution, age-standardized, male (per 100,000 male population)","SH.STA.AIRP.MA.P5","","","","","","","","","","","","","","","","","","","","","","","","","","","","","","","","","","","","","","","","","","","","","","","","","","","","","","","","","","","","134.902159114368","","","","",
"North Macedonia","MKD","Mortality rate attributed to household and ambient air pollution, age-standardized, male (per 100,000 male population)","SH.STA.AIRP.MA.P5","","","","","","","","","","","","","","","","","","","","","","","","","","","","","","","","","","","","","","","","","","","","","","","","","","","","","","","","","","","","114.9","","","","",
"Mali","MLI","Mortality rate attributed to household and ambient air pollution, age-standardized, male (per 100,000 male population)","SH.STA.AIRP.MA.P5","","","","","","","","","","","","","","","","","","","","","","","","","","","","","","","","","","","","","","","","","","","","","","","","","","","","","","","","","","","","168.2","","","","",
"Malta","MLT","Mortality rate attributed to household and ambient air pollution, age-standardized, male (per 100,000 male population)","SH.STA.AIRP.MA.P5","","","","","","","","","","","","","","","","","","","","","","","","","","","","","","","","","","","","","","","","","","","","","","","","","","","","","","","","","","","","26","","","","",
"Myanmar","MMR","Mortality rate attributed to household and ambient air pollution, age-standardized, male (per 100,000 male population)","SH.STA.AIRP.MA.P5","","","","","","","","","","","","","","","","","","","","","","","","","","","","","","","","","","","","","","","","","","","","","","","","","","","","","","","","","","","","224.2","","","","",
"Middle East & North Africa (excluding high income)","MNA","Mortality rate attributed to household and ambient air pollution, age-standardized, male (per 100,000 male population)","SH.STA.AIRP.MA.P5","","","","","","","","","","","","","","","","","","","","","","","","","","","","","","","","","","","","","","","","","","","","","","","","","","","","","","","","","","","","97.8399689060577","","","","",
"Montenegro","MNE","Mortality rate attributed to household and ambient air pollution, age-standardized, male (per 100,000 male population)","SH.STA.AIRP.MA.P5","","","","","","","","","","","","","","","","","","","","","","","","","","","","","","","","","","","","","","","","","","","","","","","","","","","","","","","","","","","","144.2","","","","",
"Mongolia","MNG","Mortality rate attributed to household and ambient air pollution, age-standardized, male (per 100,000 male population)","SH.STA.AIRP.MA.P5","","","","","","","","","","","","","","","","","","","","","","","","","","","","","","","","","","","","","","","","","","","","","","","","","","","","","","","","","","","","283.9","","","","",
"Northern Mariana Islands","MNP","Mortality rate attributed to household and ambient air pollution, age-standardized, male (per 100,000 male population)","SH.STA.AIRP.MA.P5","","","","","","","","","","","","","","","","","","","","","","","","","","","","","","","","","","","","","","","","","","","","","","","","","","","","","","","","","","","","","","","","",
"Mozambique","MOZ","Mortality rate attributed to household and ambient air pollution, age-standardized, male (per 100,000 male population)","SH.STA.AIRP.MA.P5","","","","","","","","","","","","","","","","","","","","","","","","","","","","","","","","","","","","","","","","","","","","","","","","","","","","","","","","","","","","308.1","","","","",
"Mauritania","MRT","Mortality rate attributed to household and ambient air pollution, age-standardized, male (per 100,000 male population)","SH.STA.AIRP.MA.P5","","","","","","","","","","","","","","","","","","","","","","","","","","","","","","","","","","","","","","","","","","","","","","","","","","","","","","","","","","","","121.7","","","","",
"Mauritius","MUS","Mortality rate attributed to household and ambient air pollution, age-standardized, male (per 100,000 male population)","SH.STA.AIRP.MA.P5","","","","","","","","","","","","","","","","","","","","","","","","","","","","","","","","","","","","","","","","","","","","","","","","","","","","","","","","","","","","43.7","","","","",
"Malawi","MWI","Mortality rate attributed to household and ambient air pollution, age-standardized, male (per 100,000 male population)","SH.STA.AIRP.MA.P5","","","","","","","","","","","","","","","","","","","","","","","","","","","","","","","","","","","","","","","","","","","","","","","","","","","","","","","","","","","","197.9","","","","",
"Malaysia","MYS","Mortality rate attributed to household and ambient air pollution, age-standardized, male (per 100,000 male population)","SH.STA.AIRP.MA.P5","","","","","","","","","","","","","","","","","","","","","","","","","","","","","","","","","","","","","","","","","","","","","","","","","","","","","","","","","","","","89.5","","","","",
"North America","NAC","Mortality rate attributed to household and ambient air pollution, age-standardized, male (per 100,000 male population)","SH.STA.AIRP.MA.P5","","","","","","","","","","","","","","","","","","","","","","","","","","","","","","","","","","","","","","","","","","","","","","","","","","","","","","","","","","","","16.7376923363849","","","","",
"Namibia","NAM","Mortality rate attributed to household and ambient air pollution, age-standardized, male (per 100,000 male population)","SH.STA.AIRP.MA.P5","","","","","","","","","","","","","","","","","","","","","","","","","","","","","","","","","","","","","","","","","","","","","","","","","","","","","","","","","","","","192.4","","","","",
"New Caledonia","NCL","Mortality rate attributed to household and ambient air pollution, age-standardized, male (per 100,000 male population)","SH.STA.AIRP.MA.P5","","","","","","","","","","","","","","","","","","","","","","","","","","","","","","","","","","","","","","","","","","","","","","","","","","","","","","","","","","","","","","","","",
"Niger","NER","Mortality rate attributed to household and ambient air pollution, age-standardized, male (per 100,000 male population)","SH.STA.AIRP.MA.P5","","","","","","","","","","","","","","","","","","","","","","","","","","","","","","","","","","","","","","","","","","","","","","","","","","","","","","","","","","","","225.7","","","","",
"Nigeria","NGA","Mortality rate attributed to household and ambient air pollution, age-standardized, male (per 100,000 male population)","SH.STA.AIRP.MA.P5","","","","","","","","","","","","","","","","","","","","","","","","","","","","","","","","","","","","","","","","","","","","","","","","","","","","","","","","","","","","167.2","","","","",
"Nicaragua","NIC","Mortality rate attributed to household and ambient air pollution, age-standardized, male (per 100,000 male population)","SH.STA.AIRP.MA.P5","","","","","","","","","","","","","","","","","","","","","","","","","","","","","","","","","","","","","","","","","","","","","","","","","","","","","","","","","","","","97.9","","","","",
"Netherlands","NLD","Mortality rate attributed to household and ambient air pollution, age-standardized, male (per 100,000 male population)","SH.STA.AIRP.MA.P5","","","","","","","","","","","","","","","","","","","","","","","","","","","","","","","","","","","","","","","","","","","","","","","","","","","","","","","","","","","","15.5","","","","",
"Norway","NOR","Mortality rate attributed to household and ambient air pollution, age-standardized, male (per 100,000 male population)","SH.STA.AIRP.MA.P5","","","","","","","","","","","","","","","","","","","","","","","","","","","","","","","","","","","","","","","","","","","","","","","","","","","","","","","","","","","","9.4","","","","",
"Nepal","NPL","Mortality rate attributed to household and ambient air pollution, age-standardized, male (per 100,000 male population)","SH.STA.AIRP.MA.P5","","","","","","","","","","","","","","","","","","","","","","","","","","","","","","","","","","","","","","","","","","","","","","","","","","","","","","","","","","","","204.3","","","","",
"Nauru","NRU","Mortality rate attributed to household and ambient air pollution, age-standardized, male (per 100,000 male population)","SH.STA.AIRP.MA.P5","","","","","","","","","","","","","","","","","","","","","","","","","","","","","","","","","","","","","","","","","","","","","","","","","","","","","","","","","","","","","","","","",
"New Zealand","NZL","Mortality rate attributed to household and ambient air pollution, age-standardized, male (per 100,000 male population)","SH.STA.AIRP.MA.P5","","","","","","","","","","","","","","","","","","","","","","","","","","","","","","","","","","","","","","","","","","","","","","","","","","","","","","","","","","","","14.7","","","","",
"OECD members","OED","Mortality rate attributed to household and ambient air pollution, age-standardized, male (per 100,000 male population)","SH.STA.AIRP.MA.P5","","","","","","","","","","","","","","","","","","","","","","","","","","","","","","","","","","","","","","","","","","","","","","","","","","","","","","","","","","","","25.2903485498116","","","","",
"Oman","OMN","Mortality rate attributed to household and ambient air pollution, age-standardized, male (per 100,000 male population)","SH.STA.AIRP.MA.P5","","","","","","","","","","","","","","","","","","","","","","","","","","","","","","","","","","","","","","","","","","","","","","","","","","","","","","","","","","","","113.2","","","","",
"Other small states","OSS","Mortality rate attributed to household and ambient air pollution, age-standardized, male (per 100,000 male population)","SH.STA.AIRP.MA.P5","","","","","","","","","","","","","","","","","","","","","","","","","","","","","","","","","","","","","","","","","","","","","","","","","","","","","","","","","","","","104.733841000161","","","","",
"Pakistan","PAK","Mortality rate attributed to household and ambient air pollution, age-standardized, male (per 100,000 male population)","SH.STA.AIRP.MA.P5","","","","","","","","","","","","","","","","","","","","","","","","","","","","","","","","","","","","","","","","","","","","","","","","","","","","","","","","","","","","225.1","","","","",
"Panama","PAN","Mortality rate attributed to household and ambient air pollution, age-standardized, male (per 100,000 male population)","SH.STA.AIRP.MA.P5","","","","","","","","","","","","","","","","","","","","","","","","","","","","","","","","","","","","","","","","","","","","","","","","","","","","","","","","","","","","32.7","","","","",
"Peru","PER","Mortality rate attributed to household and ambient air pollution, age-standardized, male (per 100,000 male population)","SH.STA.AIRP.MA.P5","","","","","","","","","","","","","","","","","","","","","","","","","","","","","","","","","","","","","","","","","","","","","","","","","","","","","","","","","","","","39.9","","","","",
"Philippines","PHL","Mortality rate attributed to household and ambient air pollution, age-standardized, male (per 100,000 male population)","SH.STA.AIRP.MA.P5","","","","","","","","","","","","","","","","","","","","","","","","","","","","","","","","","","","","","","","","","","","","","","","","","","","","","","","","","","","","250.8","","","","",
"Palau","PLW","Mortality rate attributed to household and ambient air pollution, age-standardized, male (per 100,000 male population)","SH.STA.AIRP.MA.P5","","","","","","","","","","","","","","","","","","","","","","","","","","","","","","","","","","","","","","","","","","","","","","","","","","","","","","","","","","","","","","","","",
"Papua New Guinea","PNG","Mortality rate attributed to household and ambient air pollution, age-standardized, male (per 100,000 male population)","SH.STA.AIRP.MA.P5","","","","","","","","","","","","","","","","","","","","","","","","","","","","","","","","","","","","","","","","","","","","","","","","","","","","","","","","","","","","212.5","","","","",
"Poland","POL","Mortality rate attributed to household and ambient air pollution, age-standardized, male (per 100,000 male population)","SH.STA.AIRP.MA.P5","","","","","","","","","","","","","","","","","","","","","","","","","","","","","","","","","","","","","","","","","","","","","","","","","","","","","","","","","","","","53.9","","","","",
"Pre-demographic dividend","PRE","Mortality rate attributed to household and ambient air pollution, age-standardized, male (per 100,000 male population)","SH.STA.AIRP.MA.P5","","","","","","","","","","","","","","","","","","","","","","","","","","","","","","","","","","","","","","","","","","","","","","","","","","","","","","","","","","","","197.397160531075","","","","",
"Puerto Rico","PRI","Mortality rate attributed to household and ambient air pollution, age-standardized, male (per 100,000 male population)","SH.STA.AIRP.MA.P5","","","","","","","","","","","","","","","","","","","","","","","","","","","","","","","","","","","","","","","","","","","","","","","","","","","","","","","","","","","","","","","","",
"Korea, Dem. People's Rep.","PRK","Mortality rate attributed to household and ambient air pollution, age-standardized, male (per 100,000 male population)","SH.STA.AIRP.MA.P5","","","","","","","","","","","","","","","","","","","","","","","","","","","","","","","","","","","","","","","","","","","","","","","","","","","","","","","","","","","","270.6","","","","",
"Portugal","PRT","Mortality rate attributed to household and ambient air pollution, age-standardized, male (per 100,000 male population)","SH.STA.AIRP.MA.P5","","","","","","","","","","","","","","","","","","","","","","","","","","","","","","","","","","","","","","","","","","","","","","","","","","","","","","","","","","","","13.2","","","","",
"Paraguay","PRY","Mortality rate attributed to household and ambient air pollution, age-standardized, male (per 100,000 male population)","SH.STA.AIRP.MA.P5","","","","","","","","","","","","","","","","","","","","","","","","","","","","","","","","","","","","","","","","","","","","","","","","","","","","","","","","","","","","68.9","","","","",
"West Bank and Gaza","PSE","Mortality rate attributed to household and ambient air pollution, age-standardized, male (per 100,000 male population)","SH.STA.AIRP.MA.P5","","","","","","","","","","","","","","","","","","","","","","","","","","","","","","","","","","","","","","","","","","","","","","","","","","","","","","","","","","","","","","","","",
"Pacific island small states","PSS","Mortality rate attributed to household and ambient air pollution, age-standardized, male (per 100,000 male population)","SH.STA.AIRP.MA.P5","","","","","","","","","","","","","","","","","","","","","","","","","","","","","","","","","","","","","","","","","","","","","","","","","","","","","","","","","","","","231.060209327516","","","","",
"Post-demographic dividend","PST","Mortality rate attributed to household and ambient air pollution, age-standardized, male (per 100,000 male population)","SH.STA.AIRP.MA.P5","","","","","","","","","","","","","","","","","","","","","","","","","","","","","","","","","","","","","","","","","","","","","","","","","","","","","","","","","","","","23.2095363152358","","","","",
"French Polynesia","PYF","Mortality rate attributed to household and ambient air pollution, age-standardized, male (per 100,000 male population)","SH.STA.AIRP.MA.P5","","","","","","","","","","","","","","","","","","","","","","","","","","","","","","","","","","","","","","","","","","","","","","","","","","","","","","","","","","","","","","","","",
"Qatar","QAT","Mortality rate attributed to household and ambient air pollution, age-standardized, male (per 100,000 male population)","SH.STA.AIRP.MA.P5","","","","","","","","","","","","","","","","","","","","","","","","","","","","","","","","","","","","","","","","","","","","","","","","","","","","","","","","","","","","73.2","","","","",
"Romania","ROU","Mortality rate attributed to household and ambient air pollution, age-standardized, male (per 100,000 male population)","SH.STA.AIRP.MA.P5","","","","","","","","","","","","","","","","","","","","","","","","","","","","","","","","","","","","","","","","","","","","","","","","","","","","","","","","","","","","87.3","","","","",
"Russian Federation","RUS","Mortality rate attributed to household and ambient air pollution, age-standardized, male (per 100,000 male population)","SH.STA.AIRP.MA.P5","","","","","","","","","","","","","","","","","","","","","","","","","","","","","","","","","","","","","","","","","","","","","","","","","","","","","","","","","","","","93.4","","","","",
"Rwanda","RWA","Mortality rate attributed to household and ambient air pollution, age-standardized, male (per 100,000 male population)","SH.STA.AIRP.MA.P5","","","","","","","","","","","","","","","","","","","","","","","","","","","","","","","","","","","","","","","","","","","","","","","","","","","","","","","","","","","","188.8","","","","",
"South Asia","SAS","Mortality rate attributed to household and ambient air pollution, age-standardized, male (per 100,000 male population)","SH.STA.AIRP.MA.P5","","","","","","","","","","","","","","","","","","","","","","","","","","","","","","","","","","","","","","","","","","","","","","","","","","","","","","","","","","","","169.452885441777","","","","",
"Saudi Arabia","SAU","Mortality rate attributed to household and ambient air pollution, age-standardized, male (per 100,000 male population)","SH.STA.AIRP.MA.P5","","","","","","","","","","","","","","","","","","","","","","","","","","","","","","","","","","","","","","","","","","","","","","","","","","","","","","","","","","","","98.3","","","","",
"Sudan","SDN","Mortality rate attributed to household and ambient air pollution, age-standardized, male (per 100,000 male population)","SH.STA.AIRP.MA.P5","","","","","","","","","","","","","","","","","","","","","","","","","","","","","","","","","","","","","","","","","","","","","","","","","","","","","","","","","","","","156.1","","","","",
"Senegal","SEN","Mortality rate attributed to household and ambient air pollution, age-standardized, male (per 100,000 male population)","SH.STA.AIRP.MA.P5","","","","","","","","","","","","","","","","","","","","","","","","","","","","","","","","","","","","","","","","","","","","","","","","","","","","","","","","","","","","154.1","","","","",
"Singapore","SGP","Mortality rate attributed to household and ambient air pollution, age-standardized, male (per 100,000 male population)","SH.STA.AIRP.MA.P5","","","","","","","","","","","","","","","","","","","","","","","","","","","","","","","","","","","","","","","","","","","","","","","","","","","","","","","","","","","","30.5","","","","",
"Solomon Islands","SLB","Mortality rate attributed to household and ambient air pollution, age-standardized, male (per 100,000 male population)","SH.STA.AIRP.MA.P5","","","","","","","","","","","","","","","","","","","","","","","","","","","","","","","","","","","","","","","","","","","","","","","","","","","","","","","","","","","","324.7","","","","",
"Sierra Leone","SLE","Mortality rate attributed to household and ambient air pollution, age-standardized, male (per 100,000 male population)","SH.STA.AIRP.MA.P5","","","","","","","","","","","","","","","","","","","","","","","","","","","","","","","","","","","","","","","","","","","","","","","","","","","","","","","","","","","","243.4","","","","",
"El Salvador","SLV","Mortality rate attributed to household and ambient air pollution, age-standardized, male (per 100,000 male population)","SH.STA.AIRP.MA.P5","","","","","","","","","","","","","","","","","","","","","","","","","","","","","","","","","","","","","","","","","","","","","","","","","","","","","","","","","","","","50.5","","","","",
"San Marino","SMR","Mortality rate attributed to household and ambient air pollution, age-standardized, male (per 100,000 male population)","SH.STA.AIRP.MA.P5","","","","","","","","","","","","","","","","","","","","","","","","","","","","","","","","","","","","","","","","","","","","","","","","","","","","","","","","","","","","","","","","",
"Somalia","SOM","Mortality rate attributed to household and ambient air pollution, age-standardized, male (per 100,000 male population)","SH.STA.AIRP.MA.P5","","","","","","","","","","","","","","","","","","","","","","","","","","","","","","","","","","","","","","","","","","","","","","","","","","","","","","","","","","","","291","","","","",
"Serbia","SRB","Mortality rate attributed to household and ambient air pollution, age-standardized, male (per 100,000 male population)","SH.STA.AIRP.MA.P5","","","","","","","","","","","","","","","","","","","","","","","","","","","","","","","","","","","","","","","","","","","","","","","","","","","","","","","","","","","","88","","","","",
"Sub-Saharan Africa (excluding high income)","SSA","Mortality rate attributed to household and ambient air pollution, age-standardized, male (per 100,000 male population)","SH.STA.AIRP.MA.P5","","","","","","","","","","","","","","","","","","","","","","","","","","","","","","","","","","","","","","","","","","","","","","","","","","","","","","","","","","","","190.389330033051","","","","",
"South Sudan","SSD","Mortality rate attributed to household and ambient air pollution, age-standardized, male (per 100,000 male population)","SH.STA.AIRP.MA.P5","","","","","","","","","","","","","","","","","","","","","","","","","","","","","","","","","","","","","","","","","","","","","","","","","","","","","","","","","","","","154.2","","","","",
"Sub-Saharan Africa","SSF","Mortality rate attributed to household and ambient air pollution, age-standardized, male (per 100,000 male population)","SH.STA.AIRP.MA.P5","","","","","","","","","","","","","","","","","","","","","","","","","","","","","","","","","","","","","","","","","","","","","","","","","","","","","","","","","","","","190.376944501779","","","","",
"Small states","SST","Mortality rate attributed to household and ambient air pollution, age-standardized, male (per 100,000 male population)","SH.STA.AIRP.MA.P5","","","","","","","","","","","","","","","","","","","","","","","","","","","","","","","","","","","","","","","","","","","","","","","","","","","","","","","","","","","","113.880344949769","","","","",
"Sao Tome and Principe","STP","Mortality rate attributed to household and ambient air pollution, age-standardized, male (per 100,000 male population)","SH.STA.AIRP.MA.P5","","","","","","","","","","","","","","","","","","","","","","","","","","","","","","","","","","","","","","","","","","","","","","","","","","","","","","","","","","","","236.7","","","","",
"Suriname","SUR","Mortality rate attributed to household and ambient air pollution, age-standardized, male (per 100,000 male population)","SH.STA.AIRP.MA.P5","","","","","","","","","","","","","","","","","","","","","","","","","","","","","","","","","","","","","","","","","","","","","","","","","","","","","","","","","","","","65.4","","","","",
"Slovak Republic","SVK","Mortality rate attributed to household and ambient air pollution, age-standardized, male (per 100,000 male population)","SH.STA.AIRP.MA.P5","","","","","","","","","","","","","","","","","","","","","","","","","","","","","","","","","","","","","","","","","","","","","","","","","","","","","","","","","","","","43.8","","","","",
"Slovenia","SVN","Mortality rate attributed to household and ambient air pollution, age-standardized, male (per 100,000 male population)","SH.STA.AIRP.MA.P5","","","","","","","","","","","","","","","","","","","","","","","","","","","","","","","","","","","","","","","","","","","","","","","","","","","","","","","","","","","","22.5","","","","",
"Sweden","SWE","Mortality rate attributed to household and ambient air pollution, age-standardized, male (per 100,000 male population)","SH.STA.AIRP.MA.P5","","","","","","","","","","","","","","","","","","","","","","","","","","","","","","","","","","","","","","","","","","","","","","","","","","","","","","","","","","","","9.8","","","","",
"Eswatini","SWZ","Mortality rate attributed to household and ambient air pollution, age-standardized, male (per 100,000 male population)","SH.STA.AIRP.MA.P5","","","","","","","","","","","","","","","","","","","","","","","","","","","","","","","","","","","","","","","","","","","","","","","","","","","","","","","","","","","","243.5","","","","",
"Sint Maarten (Dutch part)","SXM","Mortality rate attributed to household and ambient air pollution, age-standardized, male (per 100,000 male population)","SH.STA.AIRP.MA.P5","","","","","","","","","","","","","","","","","","","","","","","","","","","","","","","","","","","","","","","","","","","","","","","","","","","","","","","","","","","","","","","","",
"Seychelles","SYC","Mortality rate attributed to household and ambient air pollution, age-standardized, male (per 100,000 male population)","SH.STA.AIRP.MA.P5","","","","","","","","","","","","","","","","","","","","","","","","","","","","","","","","","","","","","","","","","","","","","","","","","","","","","","","","","","","","55.7","","","","",
"Syrian Arab Republic","SYR","Mortality rate attributed to household and ambient air pollution, age-standardized, male (per 100,000 male population)","SH.STA.AIRP.MA.P5","","","","","","","","","","","","","","","","","","","","","","","","","","","","","","","","","","","","","","","","","","","","","","","","","","","","","","","","","","","","100.7","","","","",
"Turks and Caicos Islands","TCA","Mortality rate attributed to household and ambient air pollution, age-standardized, male (per 100,000 male population)","SH.STA.AIRP.MA.P5","","","","","","","","","","","","","","","","","","","","","","","","","","","","","","","","","","","","","","","","","","","","","","","","","","","","","","","","","","","","","","","","",
"Chad","TCD","Mortality rate attributed to household and ambient air pollution, age-standardized, male (per 100,000 male population)","SH.STA.AIRP.MA.P5","","","","","","","","","","","","","","","","","","","","","","","","","","","","","","","","","","","","","","","","","","","","","","","","","","","","","","","","","","","","251","","","","",
"East Asia & Pacific (IDA & IBRD countries)","TEA","Mortality rate attributed to household and ambient air pollution, age-standardized, male (per 100,000 male population)","SH.STA.AIRP.MA.P5","","","","","","","","","","","","","","","","","","","","","","","","","","","","","","","","","","","","","","","","","","","","","","","","","","","","","","","","","","","","130.084339750919","","","","",
"Europe & Central Asia (IDA & IBRD countries)","TEC","Mortality rate attributed to household and ambient air pollution, age-standardized, male (per 100,000 male population)","SH.STA.AIRP.MA.P5","","","","","","","","","","","","","","","","","","","","","","","","","","","","","","","","","","","","","","","","","","","","","","","","","","","","","","","","","","","","96.9024543467342","","","","",
"Togo","TGO","Mortality rate attributed to household and ambient air pollution, age-standardized, male (per 100,000 male population)","SH.STA.AIRP.MA.P5","","","","","","","","","","","","","","","","","","","","","","","","","","","","","","","","","","","","","","","","","","","","","","","","","","","","","","","","","","","","271.9","","","","",
"Thailand","THA","Mortality rate attributed to household and ambient air pollution, age-standardized, male (per 100,000 male population)","SH.STA.AIRP.MA.P5","","","","","","","","","","","","","","","","","","","","","","","","","","","","","","","","","","","","","","","","","","","","","","","","","","","","","","","","","","","","59.9","","","","",
"Tajikistan","TJK","Mortality rate attributed to household and ambient air pollution, age-standardized, male (per 100,000 male population)","SH.STA.AIRP.MA.P5","","","","","","","","","","","","","","","","","","","","","","","","","","","","","","","","","","","","","","","","","","","","","","","","","","","","","","","","","","","","232.2","","","","",
"Turkmenistan","TKM","Mortality rate attributed to household and ambient air pollution, age-standardized, male (per 100,000 male population)","SH.STA.AIRP.MA.P5","","","","","","","","","","","","","","","","","","","","","","","","","","","","","","","","","","","","","","","","","","","","","","","","","","","","","","","","","","","","105.7","","","","",
"Latin America & the Caribbean (IDA & IBRD countries)","TLA","Mortality rate attributed to household and ambient air pollution, age-standardized, male (per 100,000 male population)","SH.STA.AIRP.MA.P5","","","","","","","","","","","","","","","","","","","","","","","","","","","","","","","","","","","","","","","","","","","","","","","","","","","","","","","","","","","","47.9101748546848","","","","",
"Timor-Leste","TLS","Mortality rate attributed to household and ambient air pollution, age-standardized, male (per 100,000 male population)","SH.STA.AIRP.MA.P5","","","","","","","","","","","","","","","","","","","","","","","","","","","","","","","","","","","","","","","","","","","","","","","","","","","","","","","","","","","","200.8","","","","",
"Middle East & North Africa (IDA & IBRD countries)","TMN","Mortality rate attributed to household and ambient air pollution, age-standardized, male (per 100,000 male population)","SH.STA.AIRP.MA.P5","","","","","","","","","","","","","","","","","","","","","","","","","","","","","","","","","","","","","","","","","","","","","","","","","","","","","","","","","","","","97.8399689060577","","","","",
"Tonga","TON","Mortality rate attributed to household and ambient air pollution, age-standardized, male (per 100,000 male population)","SH.STA.AIRP.MA.P5","","","","","","","","","","","","","","","","","","","","","","","","","","","","","","","","","","","","","","","","","","","","","","","","","","","","","","","","","","","","70","","","","",
"South Asia (IDA & IBRD)","TSA","Mortality rate attributed to household and ambient air pollution, age-standardized, male (per 100,000 male population)","SH.STA.AIRP.MA.P5","","","","","","","","","","","","","","","","","","","","","","","","","","","","","","","","","","","","","","","","","","","","","","","","","","","","","","","","","","","","169.452885441777","","","","",
"Sub-Saharan Africa (IDA & IBRD countries)","TSS","Mortality rate attributed to household and ambient air pollution, age-standardized, male (per 100,000 male population)","SH.STA.AIRP.MA.P5","","","","","","","","","","","","","","","","","","","","","","","","","","","","","","","","","","","","","","","","","","","","","","","","","","","","","","","","","","","","190.376944501779","","","","",
"Trinidad and Tobago","TTO","Mortality rate attributed to household and ambient air pollution, age-standardized, male (per 100,000 male population)","SH.STA.AIRP.MA.P5","","","","","","","","","","","","","","","","","","","","","","","","","","","","","","","","","","","","","","","","","","","","","","","","","","","","","","","","","","","","26.2","","","","",
"Tunisia","TUN","Mortality rate attributed to household and ambient air pollution, age-standardized, male (per 100,000 male population)","SH.STA.AIRP.MA.P5","","","","","","","","","","","","","","","","","","","","","","","","","","","","","","","","","","","","","","","","","","","","","","","","","","","","","","","","","","","","68.5","","","","",
"Turkiye","TUR","Mortality rate attributed to household and ambient air pollution, age-standardized, male (per 100,000 male population)","SH.STA.AIRP.MA.P5","","","","","","","","","","","","","","","","","","","","","","","","","","","","","","","","","","","","","","","","","","","","","","","","","","","","","","","","","","","","55.1","","","","",
"Tuvalu","TUV","Mortality rate attributed to household and ambient air pollution, age-standardized, male (per 100,000 male population)","SH.STA.AIRP.MA.P5","","","","","","","","","","","","","","","","","","","","","","","","","","","","","","","","","","","","","","","","","","","","","","","","","","","","","","","","","","","","","","","","",
"Tanzania","TZA","Mortality rate attributed to household and ambient air pollution, age-standardized, male (per 100,000 male population)","SH.STA.AIRP.MA.P5","","","","","","","","","","","","","","","","","","","","","","","","","","","","","","","","","","","","","","","","","","","","","","","","","","","","","","","","","","","","146.8","","","","",
"Uganda","UGA","Mortality rate attributed to household and ambient air pollution, age-standardized, male (per 100,000 male population)","SH.STA.AIRP.MA.P5","","","","","","","","","","","","","","","","","","","","","","","","","","","","","","","","","","","","","","","","","","","","","","","","","","","","","","","","","","","","201.1","","","","",
"Ukraine","UKR","Mortality rate attributed to household and ambient air pollution, age-standardized, male (per 100,000 male population)","SH.STA.AIRP.MA.P5","","","","","","","","","","","","","","","","","","","","","","","","","","","","","","","","","","","","","","","","","","","","","","","","","","","","","","","","","","","","109.2","","","","",
"Upper middle income","UMC","Mortality rate attributed to household and ambient air pollution, age-standardized, male (per 100,000 male population)","SH.STA.AIRP.MA.P5","","","","","","","","","","","","","","","","","","","","","","","","","","","","","","","","","","","","","","","","","","","","","","","","","","","","","","","","","","","","97.7483817844759","","","","",
"Uruguay","URY","Mortality rate attributed to household and ambient air pollution, age-standardized, male (per 100,000 male population)","SH.STA.AIRP.MA.P5","","","","","","","","","","","","","","","","","","","","","","","","","","","","","","","","","","","","","","","","","","","","","","","","","","","","","","","","","","","","22.8","","","","",
"United States","USA","Mortality rate attributed to household and ambient air pollution, age-standardized, male (per 100,000 male population)","SH.STA.AIRP.MA.P5","","","","","","","","","","","","","","","","","","","","","","","","","","","","","","","","","","","","","","","","","","","","","","","","","","","","","","","","","","","","17.5","","","","",
"Uzbekistan","UZB","Mortality rate attributed to household and ambient air pollution, age-standardized, male (per 100,000 male population)","SH.STA.AIRP.MA.P5","","","","","","","","","","","","","","","","","","","","","","","","","","","","","","","","","","","","","","","","","","","","","","","","","","","","","","","","","","","","179.4","","","","",
"St. Vincent and the Grenadines","VCT","Mortality rate attributed to household and ambient air pollution, age-standardized, male (per 100,000 male population)","SH.STA.AIRP.MA.P5","","","","","","","","","","","","","","","","","","","","","","","","","","","","","","","","","","","","","","","","","","","","","","","","","","","","","","","","","","","","36.4","","","","",
"Venezuela, RB","VEN","Mortality rate attributed to household and ambient air pollution, age-standardized, male (per 100,000 male population)","SH.STA.AIRP.MA.P5","","","","","","","","","","","","","","","","","","","","","","","","","","","","","","","","","","","","","","","","","","","","","","","","","","","","","","","","","","","","47.3","","","","",
"British Virgin Islands","VGB","Mortality rate attributed to household and ambient air pollution, age-standardized, male (per 100,000 male population)","SH.STA.AIRP.MA.P5","","","","","","","","","","","","","","","","","","","","","","","","","","","","","","","","","","","","","","","","","","","","","","","","","","","","","","","","","","","","","","","","",
"Virgin Islands (U.S.)","VIR","Mortality rate attributed to household and ambient air pollution, age-standardized, male (per 100,000 male population)","SH.STA.AIRP.MA.P5","","","","","","","","","","","","","","","","","","","","","","","","","","","","","","","","","","","","","","","","","","","","","","","","","","","","","","","","","","","","","","","","",
"Viet Nam","VNM","Mortality rate attributed to household and ambient air pollution, age-standardized, male (per 100,000 male population)","SH.STA.AIRP.MA.P5","","","","","","","","","","","","","","","","","","","","","","","","","","","","","","","","","","","","","","","","","","","","","","","","","","","","","","","","","","","","147.5","","","","",
"Vanuatu","VUT","Mortality rate attributed to household and ambient air pollution, age-standardized, male (per 100,000 male population)","SH.STA.AIRP.MA.P5","","","","","","","","","","","","","","","","","","","","","","","","","","","","","","","","","","","","","","","","","","","","","","","","","","","","","","","","","","","","301.8","","","","",
"World","WLD","Mortality rate attributed to household and ambient air pollution, age-standardized, male (per 100,000 male population)","SH.STA.AIRP.MA.P5","","","","","","","","","","","","","","","","","","","","","","","","","","","","","","","","","","","","","","","","","","","","","","","","","","","","","","","","","","","","123.332962602816","","","","",
"Samoa","WSM","Mortality rate attributed to household and ambient air pollution, age-standardized, male (per 100,000 male population)","SH.STA.AIRP.MA.P5","","","","","","","","","","","","","","","","","","","","","","","","","","","","","","","","","","","","","","","","","","","","","","","","","","","","","","","","","","","","155.4","","","","",
"Kosovo","XKX","Mortality rate attributed to household and ambient air pollution, age-standardized, male (per 100,000 male population)","SH.STA.AIRP.MA.P5","","","","","","","","","","","","","","","","","","","","","","","","","","","","","","","","","","","","","","","","","","","","","","","","","","","","","","","","","","","","","","","","",
"Yemen, Rep.","YEM","Mortality rate attributed to household and ambient air pollution, age-standardized, male (per 100,000 male population)","SH.STA.AIRP.MA.P5","","","","","","","","","","","","","","","","","","","","","","","","","","","","","","","","","","","","","","","","","","","","","","","","","","","","","","","","","","","","208.9","","","","",
"South Africa","ZAF","Mortality rate attributed to household and ambient air pollution, age-standardized, male (per 100,000 male population)","SH.STA.AIRP.MA.P5","","","","","","","","","","","","","","","","","","","","","","","","","","","","","","","","","","","","","","","","","","","","","","","","","","","","","","","","","","","","92","","","","",
"Zambia","ZMB","Mortality rate attributed to household and ambient air pollution, age-standardized, male (per 100,000 male population)","SH.STA.AIRP.MA.P5","","","","","","","","","","","","","","","","","","","","","","","","","","","","","","","","","","","","","","","","","","","","","","","","","","","","","","","","","","","","217.9","","","","",
"Zimbabwe","ZWE","Mortality rate attributed to household and ambient air pollution, age-standardized, male (per 100,000 male population)","SH.STA.AIRP.MA.P5","","","","","","","","","","","","","","","","","","","","","","","","","","","","","","","","","","","","","","","","","","","","","","","","","","","","","","","","","","","","225.1","","","","",
