City,Country Sort descending,Region,2021 Average NO2 (molec/cm^2),Uncertainty (%),Change since 2005 (%)
Kabul,Afghanistan,Central Asia,1.694e+15,13.14,66.4054
Mbarara,Africa,Africa,6.508e+14,10.14,-1.81061
Algiers,Algeria,Africa,3.098e+15,8.47,30.5452
Luanda,Angola,Africa,9.106e+14,26.46,18.9029
Buenos Aires,Argentina,South and Central America,4.780e+15,8.57,-37.6954
Cordoba,Argentina,South and Central America,1.248e+15,8.37,16.9435
Yerevan,Armenia,Europe,2.206e+15,14.77,29.8018
Brisbane,Australia,Oceania,1.633e+15,5.47,-32.6780
Adelaide,Australia,Oceania,1.014e+15,7.59,-29.7936
Sydney,Australia,Oceania,2.465e+15,5.62,-34.2222
Darwin,Australia,Oceania,7.185e+14,15.68,-13.8635
Perth,Australia,Oceania,1.102e+15,7.66,-19.7524
Melbourne,Australia,Oceania,2.151e+15,8.76,-46.3131
Vienna,Austria,Europe,3.456e+15,9.92,-24.4911
Baku,Azerbaijan,Europe,3.042e+15,9.55,30.7511
Khulna,Bangladesh,South Asia,2.704e+15,9.55,21.7138
Dhaka,Bangladesh,South Asia,7.667e+15,14.65,94.1826
Chittagong,Bangladesh,South Asia,2.394e+15,10.72,105.419
Minsk,Belarus,Europe,1.569e+15,13.47,-16.7031
Port of Ghent,Belgium,Europe,6.038e+15,10.95,-46.3783
Brussels,Belgium,Europe,5.481e+15,9.62,-47.8768
Porto Novo,Benin,Africa,9.186e+14,10.06,24.2017
Thimphu,Bhutan,South Asia,7.250e+14,11.14,10.1698
La Paz,Bolivia,South and Central America,7.028e+14,14.69,77.1268
Santa Cruz de la Sierra,Bolivia,South and Central America,8.482e+14,25.80,74.2572
Cochabamba,Bolivia,South and Central America,8.080e+14,16.39,96.0712
Gaborone,Botswana,Africa,1.185e+15,9.69,8.52055
Recife,Brazil,South and Central America,7.340e+14,7.89,16.6967
Rio de Janeiro,Brazil,South and Central America,2.910e+15,7.04,-22.3883
Salvador,Brazil,South and Central America,6.340e+14,8.90,11.7212
Sao Paulo,Brazil,South and Central America,4.953e+15,7.15,-38.1062
Belem,Brazil,South and Central America,4.697e+14,9.29,-10.5133
Porto Alegre,Brazil,South and Central America,1.293e+15,6.31,-8.99009
Belo Horizonte,Brazil,South and Central America,1.533e+15,8.49,-7.82126
Sofia,Bulgaria,Europe,1.989e+15,10.26,-17.0062
Ouagadougou,Burkina Faso,Africa,9.790e+14,10.64,32.8023
Phnom Penh,Cambodia,Southeast Asia,1.126e+15,13.74,24.5814
Yaounde,Cameroon,Africa,5.461e+14,18.31,33.9685
Montreal,Canada,North America,2.313e+15,8.93,-33.2252
Quebec,Canada,North America,1.389e+15,8.72,-18.0646
Edmonton,Canada,North America,2.431e+15,7.93,-33.0049
Calgary,Canada,North America,1.415e+15,7.22,-27.7303
Toronto,Canada,North America,4.463e+15,7.42,-32.0592
Ottawa,Canada,North America,1.525e+15,13.78,-15.6617
Vancouver,Canada,North America,3.034e+15,5.82,-41.8311
NDjamena,Chad,Africa,9.766e+14,10.47,12.3889
Iquique,Chile,South and Central America,4.230e+14,10.56,2.68205
Santiago,Chile,South and Central America,6.072e+15,10.27,5.27093
Dalian,China,East Asia,7.710e+15,13.08,-25.5345
Zhengzhou,China,East Asia,1.016e+16,11.60,-48.3572
Quanzhou,China,East Asia,4.942e+15,13.32,-9.50378
Wuhan,China,East Asia,1.071e+16,12.79,-9.70456
Chengdu,China,East Asia,8.002e+15,13.11,19.6081
Shenzhen,China,East Asia,9.612e+15,7.20,-53.2034
Shanghai,China,East Asia,1.303e+16,7.18,-45.6957
Suzhou,China,East Asia,1.416e+16,9.43,-27.9390
Harbin,China,East Asia,4.108e+15,15.84,-28.2159
Hangzhou,China,East Asia,1.165e+16,10.64,-37.7205
Hong Kong,China,East Asia,7.051e+15,9.54,-49.3903
Dongguan,China,East Asia,1.067e+16,7.55,-53.9951
Guangzhou,China,East Asia,1.200e+16,8.09,-49.1349
Chongqing,China,East Asia,6.084e+15,12.30,-1.82372
Fuzhou,China,East Asia,4.339e+15,11.06,-13.8571
Qingdao,China,East Asia,1.113e+16,9.20,-26.4883
Shenyang,China,East Asia,1.040e+16,14.15,-12.2799
Xian,China,East Asia,9.055e+15,11.85,-18.4975
Nanjing,China,East Asia,1.150e+16,10.85,-38.2672
Tianjin,China,East Asia,1.418e+16,9.60,-28.8339
Beijing,China,East Asia,1.104e+16,7.87,-45.1700
Medellin,Colombia,South and Central America,9.291e+14,9.38,20.3474
Bogota,Colombia,South and Central America,1.020e+15,11.12,-8.16124
Kinshasa,Congo,Africa,1.252e+15,20.69,12.1978
San Jose,Costa Rica,South and Central America,9.634e+14,6.06,-5.30896
Abidjan,Cote dIvoire,Africa,8.605e+14,7.54,15.6117
Havana,Cuba,South and Central America,1.228e+15,6.65,3.29869
Prague,Czech Republic,Europe,3.997e+15,11.53,-19.0529
Copenhagen,Denmark,Europe,2.126e+15,10.88,-36.5057
Djibouti,Djibouti,Africa,6.708e+14,6.20,8.81741
Quito,Ecuador,South and Central America,7.329e+14,15.57,-5.31063
Guayaquil,Ecuador,South and Central America,1.870e+15,12.95,-21.0179
Cairo,Egypt,Middle East,5.078e+15,7.68,17.3480
Alexandria,Egypt,Middle East,1.992e+15,8.11,15.5186
San Salvador,El Salvador,South and Central America,1.195e+15,5.98,-32.0827
Plymouth,England,Europe,1.327e+15,12.23,-30.6883
Leeds,England,Europe,3.511e+15,13.55,-49.8567
Newcastle on Tyne,England,Europe,2.194e+15,11.06,-34.4576
Bristol,England,Europe,2.264e+15,12.20,-49.8013
Manchester,England,Europe,3.366e+15,11.36,-59.0115
Liverpool,England,Europe,2.201e+15,16.66,-47.2975
Birmingham,England,Europe,3.081e+15,11.04,-53.7590
Bata,Equatorial Guinea,Africa,3.286e+14,15.21,17.7140
Asmara,Eritrea,Africa,6.056e+14,7.14,10.1229
Tallinn,Estonia,Europe,1.104e+15,10.90,0.213837
Addis Ababa,Ethiopia,Africa,7.915e+14,7.41,21.7678
Helsinki,Finland,Europe,1.431e+15,8.32,-29.4102
Bordeaux,France,Europe,1.596e+15,7.43,-34.9013
Paris,France,Europe,4.501e+15,8.47,-54.7252
Port of Dunkirk,France,Europe,4.528e+15,10.72,-46.0707
Marseilles,France,Europe,2.211e+15,6.35,-51.8434
Lyons,France,Europe,2.454e+15,6.84,-41.1181
Cayenne,French Guiana,South and Central America,2.089e+14,12.23,15.2288
Libreville,Gabon,Africa,4.408e+14,15.74,24.7439
Banjul,Gambia,Africa,8.234e+14,9.50,10.7380
Tbilisi,Georgia,Europe,1.619e+15,10.64,17.4324
Brandenburg,Germany,Europe,3.172e+15,11.84,-26.5897
Bremen,Germany,Europe,3.750e+15,12.31,-27.3962
Frankfurt,Germany,Europe,5.206e+15,10.45,-39.1340
Munich,Germany,Europe,2.690e+15,11.18,-25.5527
Berlin,Germany,Europe,3.668e+15,11.05,-27.9769
Hamburg,Germany,Europe,3.565e+15,12.32,-29.5637
Essen,Germany,Europe,7.380e+15,7.63,-44.7486
Accra,Ghana,Africa,8.674e+14,10.21,19.3979
Athens,Greece,Europe,2.930e+15,7.45,-45.8480
Nuuk,Greenland,North America,2.217e+14,21.25,8.29953
Guatemala City,Guatemala,South and Central America,1.181e+15,8.54,2.51414
Conakry,Guinea,Africa,5.402e+14,14.38,9.82290
Bissau,Guinea Bissau,Africa,5.671e+14,10.11,-8.07885
Georgetown,Guyana,South and Central America,1.713e+14,12.70,22.2386
Port au Prince,Haiti,South and Central America,9.495e+14,6.09,4.00370
Tegucigalpa,Honduras,South and Central America,6.310e+14,9.08,-15.7996
Budapest,Hungary,Europe,3.359e+15,8.32,-22.0606
Reykjavik,Iceland,Europe,3.196e+14,18.97,-7.97073
Nagpur,India,South Asia,4.291e+15,11.11,66.0223
Pune,India,South Asia,1.609e+15,12.31,29.7155
Bengaluru,India,South Asia,1.736e+15,9.77,28.0549
Mumbai,India,South Asia,2.573e+15,7.80,-3.16064
Ahmedabad,India,South Asia,3.350e+15,7.34,19.0728
Chennai,India,South Asia,2.518e+15,10.36,12.3727
New Delhi,India,South Asia,5.571e+15,10.51,-5.12502
Bhopal,India,South Asia,2.883e+15,6.66,31.1999
Patna,India,South Asia,2.994e+15,10.68,34.6884
Surat,India,South Asia,2.475e+15,6.99,-1.51966
Hyderabad,India,South Asia,2.558e+15,13.17,48.3814
Calcutta,India,South Asia,4.035e+15,8.44,2.96463
Bandung,Indonesia,Southeast Asia,9.029e+14,6.63,-5.55539
Jakarta,Indonesia,Southeast Asia,2.966e+15,6.11,-40.6155
Surabaya,Indonesia,Southeast Asia,1.990e+15,5.35,-8.59850
Tehran,Iran,Middle East,1.348e+16,10.85,18.9002
Baghdad,Iraq,Middle East,6.006e+15,11.85,51.9108
Kirkuk,Iraq,Middle East,3.255e+15,14.44,69.8160
Mosul,Iraq,Middle East,3.601e+15,14.13,81.6118
Dublin,Ireland,Europe,1.467e+15,9.65,-29.5891
Jerusalem,Israel,Middle East,2.615e+15,6.60,-34.7910
Rome,Italy,Europe,2.125e+15,5.51,-50.2306
Venice,Italy,Europe,4.900e+15,7.12,-44.5899
Milan,Italy,Europe,7.175e+15,6.34,-51.8521
Naples,Italy,Europe,2.479e+15,6.97,-39.7403
Kingston,Jamaica,South and Central America,9.033e+14,6.18,-21.1859
Fukuoka,Japan,East Asia,2.838e+15,7.72,-40.9573
Tokyo,Japan,East Asia,9.942e+15,5.54,-54.1371
Nagoya,Japan,East Asia,5.781e+15,5.96,-49.4029
Nagasaki,Japan,East Asia,1.865e+15,9.36,-16.5942
Osaka,Japan,East Asia,7.044e+15,5.83,-47.4775
Aichi,Japan,East Asia,5.361e+15,5.38,-47.9186
Kampala,Kampala,Africa,8.928e+14,8.00,-5.95973
Astana,Kazakhstan,Central Asia,1.257e+15,12.05,14.2020
Nairobi,Kenya,Africa,8.186e+14,10.27,0.852284
Kuwait City,Kuwait,Middle East,6.288e+15,6.56,-0.157902
Bishkek,Kyrgystan,Central Asia,1.787e+15,9.71,44.0333
Vientiane,Laos,Southeast Asia,1.616e+15,13.15,13.8586
Riga,Latvia,Europe,1.178e+15,12.44,1.77816
Beirut,Lebanon,Middle East,5.304e+15,15.91,101.743
Maseru,Lesotho,Africa,9.340e+14,8.92,-6.82905
Tripoli,Libya,Africa,2.045e+15,6.11,-8.36294
Vilnius,Lithuania,Europe,1.499e+15,15.24,12.7821
Tananarive,Madagascar,Africa,8.441e+14,10.71,31.8502
Lilongwe,Malawi,Africa,1.259e+15,8.83,5.44557
Kuala Lumpur,Malaysia,Southeast Asia,2.597e+15,8.55,-14.8338
Bamako,Mali,Africa,1.131e+15,10.48,29.3305
Nouakchott,Mauritania,Africa,7.012e+14,6.69,14.6329
Monclova,Mexico,South and Central America,1.643e+15,5.92,-15.0252
Chihuahua,Mexico,South and Central America,1.333e+15,7.45,2.99974
Veracruz,Mexico,South and Central America,1.059e+15,9.30,3.57970
Mexico City,Mexico,South and Central America,6.082e+15,6.70,-43.0073
Monterrey,Mexico,South and Central America,4.710e+15,7.13,0.291896
Leon,Mexico,South and Central America,1.850e+15,6.54,5.74516
Mazatlan,Mexico,South and Central America,7.188e+14,8.24,-2.64028
Guadalajara,Mexico,South and Central America,2.616e+15,6.49,-16.6544
Ulaanbaatar,Mongolia,East Asia,1.389e+15,8.11,23.5846
Rabat,Morocco,Africa,1.929e+15,7.98,15.3008
Yangoon,Myanmar,Southeast Asia,1.085e+15,10.34,48.8024
Windhoek,Namibia,Africa,5.524e+14,10.67,6.78189
Nawalparasi,Nepal,South Asia,2.679e+15,12.57,45.0132
Kathmandu,Nepal,South Asia,1.905e+15,12.93,47.3650
Amsterdam,Netherlands,Europe,4.507e+15,10.48,-29.2377
Auckland,New Zealand,Oceania,8.458e+14,7.95,-28.2548
Wellington,New Zealand,Oceania,6.839e+14,8.38,3.20903
Managua,Nicaragua,South and Central America,7.586e+14,5.93,-4.79683
Niamey,Niger,Africa,8.363e+14,8.98,27.9230
Kano,Nigeria,Africa,1.303e+15,9.31,28.6913
Lagos,Nigeria,Africa,1.267e+15,14.67,32.3726
Pyongyang,North Korea,East Asia,3.225e+15,11.21,14.9493
Belfast,Northern Ireland,Europe,1.514e+15,9.08,-36.5319
Oslo,Norway,Europe,1.560e+15,9.34,-31.1152
Muscat,Oman,Middle East,1.944e+15,6.71,-8.00679
Quetta,Pakistan,South Asia,9.105e+14,7.53,19.6999
Lahore,Pakistan,South Asia,5.821e+15,16.12,19.5264
Peshawar,Pakistan,South Asia,2.588e+15,10.11,45.2220
Karachi,Pakistan,South Asia,3.300e+15,9.95,9.07154
Hyderabad_PA,Pakistan,South Asia,2.057e+15,5.89,4.24101
Islamabad,Pakistan,South Asia,4.221e+15,16.22,65.3816
Port Moresby,Papua New Guinea,Southeast Asia,3.738e+14,12.69,51.4129
Asuncion,Paraguay,South and Central America,9.943e+14,15.54,11.4349
Lima,Peru,South and Central America,2.658e+15,8.93,18.6796
Manila,Philippines,Southeast Asia,1.734e+15,6.59,7.59801
Warsaw,Poland,Europe,3.147e+15,15.74,-22.3984
Lisbon,Portugal,Europe,1.879e+15,7.06,-42.2720
Brazzaville,Rep. of Congo,Africa,1.227e+15,20.20,14.3852
Bucharest,Romania,Europe,2.637e+15,6.84,-15.1587
Moscow,Russia,Europe,7.810e+15,12.04,-47.3084
Saint Petersburg,Russia,Europe,3.498e+15,9.09,-25.1631
Vladivostok,Russia,Europe,2.218e+15,12.07,-4.59428
Mecca,Saudi Arabia,Middle East,2.827e+15,8.06,-14.4173
Riyadh,Saudi Arabia,Middle East,6.853e+15,8.81,-29.7858
Glasgow,Scotland,Europe,1.582e+15,12.03,-41.6188
Aberdeen,Scotland,Europe,1.324e+15,8.75,-33.6171
Edinburgh,Scotland,Europe,1.865e+15,8.98,-49.9464
Dakar,Senegal,Africa,1.127e+15,12.25,72.5362
Belgrade,Serbia,Europe,3.316e+15,8.79,-15.7182
Singapore,Singapore,Southeast Asia,3.779e+15,7.18,-22.1299
Durban,South Africa,Africa,2.071e+15,7.30,-22.6756
Johannesburg,South Africa,Africa,5.721e+15,11.87,-16.7508
Cape Town,South Africa,Africa,1.213e+15,6.61,-25.0312
Seoul,South Korea,East Asia,1.136e+16,8.72,-34.4492
Daegu,South Korea,East Asia,5.610e+15,7.49,-23.2944
Busan,South Korea,East Asia,5.830e+15,7.29,-26.8151
Daesan,South Korea,East Asia,5.398e+15,12.49,-3.38298
Madrid,Spain,Europe,3.227e+15,6.09,-56.8119
Barcelona,Spain,Europe,3.176e+15,5.34,-54.2173
Colombo,Sri Lanka,Africa,8.343e+14,12.94,-0.915646
Khartoum,Sudan,Africa,1.365e+15,5.95,29.1918
Paramaribo,Suriname,South and Central America,2.309e+14,9.92,14.3895
Stockholm,Sweden,Europe,1.507e+15,7.28,-25.4325
Zurich,Switzerland,Europe,2.811e+15,9.22,-28.7843
Homs,Syria,Middle East,2.482e+15,7.96,8.55492
Damascus,Syria,Middle East,2.227e+15,7.01,-31.1492
Aleppo,Syria,Africa,1.754e+15,9.11,-36.1157
Taipei,Taiwan,East Asia,3.532e+15,6.35,-37.5971
Dushanbe,Tajikistan,Central Asia,2.234e+15,11.31,57.9920
Dar Es Salaam,Tanzania,Africa,7.582e+14,12.82,8.66165
Hobart,Tasmania,Oceania,4.248e+14,11.39,-0.102607
Bangkok,Thailand,Southeast Asia,3.883e+15,10.81,-17.1219
Lome,Togo,Africa,7.103e+14,11.63,18.1017
Tunis,Tunisia,Africa,7.962e+14,6.34,17.4719
Ankara,Turkey,Middle East,3.513e+15,11.54,-2.07372
Istanbul,Turkey,Middle East,5.227e+15,9.52,-16.4734
Gaziantep,Turkey,Middle East,2.352e+15,11.44,65.6725
Ashgabat,Turkmenistan,Central Asia,2.382e+15,10.28,47.3574
Abu Dhabi,U.A.E.,Middle East,3.299e+15,9.85,8.17124
Dubai,UAE,Middle East,7.148e+15,7.45,-17.2918
Kherson,Ukraine,Europe,1.594e+15,9.32,-0.907160
Mariupol,Ukraine,Europe,1.975e+15,7.55,-36.7918
Donetsk,Ukraine,Europe,2.851e+15,11.26,-37.7126
Kyiv,Ukraine,Europe,2.503e+15,13.41,-20.7838
Kharkiv,Ukraine,Europe,1.935e+15,17.73,-30.3445
Odessa,Ukraine,Europe,1.926e+15,8.33,-10.8881
London,United Kingdom,Europe,4.780e+15,10.66,-58.9777
Detroit,United States,North America,4.875e+15,6.79,-45.2101
Houston,United States,North America,3.885e+15,6.81,-27.1591
Chicago,United States,North America,5.975e+15,5.72,-50.7316
Boston,United States,North America,3.323e+15,6.09,-44.9294
Philadelphia,United States,North America,5.080e+15,5.28,-54.9549
Atlanta,United States,North America,3.307e+15,5.89,-50.5776
Miami,United States,North America,1.555e+15,5.27,-38.0915
Montevideo,Uruguay,South and Central America,1.275e+15,12.09,-5.54061
Los Angeles,USA,North America,6.732e+15,4.52,-64.0967
Sacramento,USA,North America,2.535e+15,5.67,-47.4397
New York,USA,North America,6.972e+15,5.23,-56.7551
Buffalo,USA,North America,3.102e+15,8.12,-39.6307
Salt Lake City,USA,North America,2.569e+15,8.83,-40.2864
Oklahoma City,USA,North America,2.069e+15,5.79,-22.0306
Baltimore,USA,North America,4.430e+15,4.92,-54.3779
Tampa,USA,North America,1.866e+15,5.67,-45.0839
Washington D.C.,USA,North America,4.283e+15,5.13,-50.6030
San Diego,USA,North America,2.381e+15,7.65,-48.8178
Spokane,USA,North America,1.128e+15,5.92,-21.5487
San Francisco,USA,North America,2.365e+15,6.06,-52.2601
Austin,USA,North America,2.385e+15,5.93,-18.9408
Las Vegas,USA,North America,2.157e+15,5.54,-51.4539
Raleigh,USA,North America,2.450e+15,5.96,-47.0130
Portland,USA,North America,1.735e+15,6.23,-49.8235
Milwaukee,USA,North America,3.325e+15,7.06,-38.1442
Memphis,USA,North America,2.352e+15,6.80,-38.2412
Charlotte,USA,North America,2.786e+15,6.24,-46.8277
Phoenix Mesa,USA,North America,2.710e+15,5.62,-53.1885
Kansas City,USA,North America,2.368e+15,6.02,-47.0267
Cleveland,USA,North America,3.882e+15,7.68,-41.4770
Dallas Fort Worth,USA,North America,3.511e+15,5.56,-32.7293
Saint Louis,USA,North America,2.623e+15,5.78,-46.7902
Missoula,USA,North America,5.837e+14,7.40,-24.6543
Minneapolis,USA,North America,2.424e+15,8.58,-46.9292
Seattle,USA,North America,3.552e+15,6.09,-52.5434
Birmingham_US,USA,North America,2.350e+15,6.44,-50.0560
Albuquerque,USA,North America,1.239e+15,5.36,-35.9518
Jacksonville,USA,North America,2.032e+15,4.82,-40.4067
Nashville,USA,North America,2.631e+15,6.40,-43.5509
Cincinnati,USA,North America,3.913e+15,6.32,-48.2424
Orlando,USA,North America,2.268e+15,4.37,-36.6676
Pittsburgh,USA,North America,4.353e+15,7.54,-49.3337
New Orleans,USA,North America,2.065e+15,6.85,-35.5892
San Antonio,USA,North America,2.375e+15,6.05,-16.1197
Denver,USA,North America,2.356e+15,5.65,-50.2440
Tashkent,Uzbekistan,Central Asia,7.722e+15,11.86,47.1036
Caracas,Venezuela,South and Central America,1.206e+15,7.92,-47.2442
Hanoi,Vietnam,Southeast Asia,3.388e+15,15.19,86.7942
Ho Chi Minh City,Vietnam,Southeast Asia,1.729e+15,8.57,29.3532
Laayoune,Western Sahara,Africa,5.559e+14,9.62,37.6455
Sanaa,Yemen,Middle East,1.328e+15,9.12,-7.85255
Harare,Zimbabwe,Africa,1.223e+15,16.73,18.6364
